AA00001,""
AA00003,""
AA00004,""
AA00005,""
AA00007,""
AA00008,""
AA00010,""
AA00011,""
AA00012,""
AA00013,""
AA00014,""
AA00015,""
AA00016,""
AA00017,""
AA00018,""
AA00019,""
AA00020,""
AA00021,""
AA00022,""
AA00023,""
AA00024,""
AA00025,""
AA00026,""
AA00027,""
AA00028,""
AA00029,""
AA00030,""
AA00031,""
AA00032,""
AA00033,""
AA00034,""
AA00035,""
AA00036,""
AA00037,""
AA00038,""
AA00039,""
AA00040,""
AA00041,""
AA00042,""
AA00043,""
AA00044,""
AA00045,""
AA00046,""
AA00047,""
AA00048,""
AA00049,""
AA00050,""
AA00051,""
AA00052,""
AA00054,""
AA00055,""
AA00056,""
AA00057,""
AA00058,""
AA00059,""
AA00060,""
AA00061,""
AA00062,""
AA00063,""
AA00064,""
AA00065,""
AA00067,""
AA00068,""
AA00069,""
AA00070,""
AA00071,""
AA00072,""
AA00073,""
AA00074,""
AA00075,""
AA00076,""
AA00077,""
AA00078,""
AA00079,""
AA00080,""
AA00081,""
AA00082,""
AA00083,""
AA00084,""
AA00085,""
AA00086,""
AA00087,""
AA00088,""
AA00089,""
AA00090,""
AA00091,""
AA00092,""
AA00093,""
AA00094,""
AA00095,""
AA00096,""
AA00097,""
AA00098,""
AA00099,""
AA00100,""
AA00101,""
AA00102,""
AA00103,""
AA00104,""
AA00105,""
AA00106,""
AA00107,""
AA00108,""
AA00109,""
AA00110,""
AA00111,""
AA00112,""
AA00113,""
AA00114,""
AA00115,""
AA00116,""
AA00117,""
AA00118,""
AA00119,""
AA00120,""
AA00121,""
AA00122,""
AA00123,""
AA00124,""
AA00125,""
AA00126,""
AA00127,""
AA00128,""
AA00129,""
AA00130,""
AA00131,""
AA00132,""
AA00133,""
AA00134,""
AA00135,""
AA00136,""
AA00137,""
AA00138,""
AA00139,""
AA00140,""
AA00141,""
AA00142,""
AA00143,""
AA00144,""
AA00145,""
AA00146,""
AA00147,""
AA00148,""
AA00149,""
AA00150,""
AA00151,""
AA00152,""
AA00153,""
AA00154,""
AA00155,""
AA00156,""
AA00157,""
AA00158,""
AA00159,""
AA00160,""
AA00161,""
AA00162,""
AA00163,""
AA00164,""
AA00165,""
AA00166,""
AA00167,""
AA00168,""
AA00169,""
AA00170,""
AA00171,""
AA00172,""
AA00173,""
AA00174,""
AA00998,""
AA00999,""
AA01000,""
AA01001,""
AA01002,""
AA01003,""
AA01004,""
AA01005,""
AA01006,""
AA01007,""
AA01008,""
AA01009,""
AA01010,""
AA01011,""
AA01012,""
AA01013,""
AA01014,""
AA01015,""
AA01016,""
AA01017,""
AA01500,""
AA01501,""
AA01502,""
AA01503,""
AA01504,""
AA01505,""
AA01506,""
AA01507,""
AA01508,""
AA01509,""
AA01510,""
AA01511,""
AA01512,""
AA01513,""
AA01514,""
AA01515,""
AA01517,""
AA01518,""
AA01519,""
AA01520,""
AA01521,""
AA01522,""
AA01523,""
AA01524,""
AA01525,""
AA01602,""
AA01603,""
AA01604,""
AA01605,""
AA01606,""
AA01607,""
AA01608,""
AA02001,""
AA02002,""
AA02003,""
AA02004,""
AA02005,""
AA02006,""
AA02007,""
AA02008,""
AA02009,""
AA02010,""
AA10001,""
AA10002,""
AA10003,""
AA10004,""
AA10005,""
AA10006,""
AA10007,""
AA10008,""
AA10011,""
AA10012,""
AA10013,""
AA10014,""
AA10015,""
AA10016,""
AA20001,""
AA20012,""
AA20015,""
AA20016,""
AA20017,""
AA20018,""
AA20055,""
AA20056,""
AA20058,""
AA20059,""
AA20060,""
AA60001,""
AA60002,""
AA60003,""
AA60004,""
AA60005,""
AA60006,""
AA60007,""
AA60008,""
AA60009,""
AA60010,""
AA60011,""
AA60012,""
AA60013,""
AA60014,""
AA90001,""
AA90002,""
AA90003,""
AA90004,""
AA90005,""
AA90006,""
AA90007,""
AA90008,""
AA90009,""
AA99991,""
AA99992,""
AA99993,""
AA99994,""
AA99995,""
AA99999,""
AB00001,""
AB00002,""
AB00003,""
AB00004,""
AB00005,""
AB00006,""
AB00007,""
AB00009,""
AB00010,""
AB00011,""
AB00012,""
AB00013,""
AB00014,""
AB00015,""
AB00016,""
AB00017,""
AB00018,""
AB00019,""
AB00020,""
AB00021,""
AB00022,""
AB00023,""
AB00024,""
AB00025,""
AB00026,""
AB00027,""
AB00028,""
AB00029,""
AB00030,""
AB00031,""
AB00032,""
AB00033,""
AB00034,""
AB00035,""
AB00036,""
AB00037,""
AB00038,""
AB00039,""
AB00040,""
AB00041,""
AB00042,""
AB00043,""
AB00044,""
AB00045,""
AB00046,""
AB00047,""
AB00048,""
AB00049,""
AB00050,""
AB01001,""
AB01002,""
AB60001,""
AB90001,""
AB90002,""
AB99991,""
AB99992,""
AB99993,""
AB99994,""
AB99995,""
AB99999,""
AC00001,""
AC00002,""
AC00003,""
AC00004,""
AC00005,""
AC00006,""
AC00007,""
AC00008,""
AC00009,""
AC00010,""
AC00011,""
AC00012,""
AC00013,""
AC00014,""
AC00015,""
AC00016,""
AC00017,""
AC00018,""
AC00019,""
AC00020,""
AC00021,""
AC00022,""
AC00023,""
AC00024,""
AC00025,""
AC00026,""
AC00027,""
AC00028,""
AC00029,""
AC00030,""
AC00031,""
AC00101,""
AC00102,""
AC00103,""
AC00104,""
AC00105,""
AC00106,""
AC00107,""
AC00108,""
AC00109,""
AC00110,""
AC00111,""
AC00112,""
AC00113,""
AC00114,""
AC00115,""
AC00116,""
AC00117,""
AC00118,""
AC00119,""
AC00200,""
AC00201,""
AC00202,""
AC00204,""
AC00205,""
AC00206,""
AC00207,""
AC00208,""
AC00210,""
AC00211,""
AC00212,""
AC00213,""
AC00214,""
AC00215,""
AC00216,""
AC00217,""
AC00218,""
AC00219,""
AC00220,""
AC00221,""
AC00222,""
AC00223,""
AC00224,""
AC00999,""
AC10001,""
AC10002,""
AC10003,""
AC10004,""
AC10005,""
AC10006,""
AC10007,""
AC10008,""
AC10009,""
AC10010,""
AC10011,""
AC10012,""
AC10013,""
AC10014,""
AC10015,""
AC10016,""
AC10017,""
AC10018,""
AC10019,""
AC10020,""
AC10021,""
AC10022,""
AC10023,""
AC10024,""
AC10025,""
AC10026,""
AC10027,""
AC10028,""
AC10029,""
AC10030,""
AC10031,""
AC10032,""
AC10033,""
AC10034,""
AC10035,""
AC10036,""
AC10037,""
AC10038,""
AC20001,""
AC30772,""
AC30773,""
AC50031,""
AC50040,""
AC50261,""
AC50304,""
AC50416,""
AC50417,""
AC50502,""
AC50509,""
AC50515,""
AC50520,""
AC50537,""
AC50552,""
AC50553,""
AC50555,""
AC50557,""
AC50560,""
AC50700,""
AC50771,""
AC50774,""
AC50802,""
AC50804,""
AC50805,""
AC53401,""
AC53402,""
AC60001,""
AC60002,""
AC60003,""
AC90001,""
AC90002,""
AC90003,""
AC90004,""
AC90005,""
AC90006,""
AC90007,""
AC90008,""
AC90009,""
AC90010,""
AC99991,""
AC99992,""
AC99993,""
AC99994,""
AC99995,""
AC99999,""
AD00001,""
AD00002,""
AD00003,""
AD00004,""
AD00005,""
AD00006,""
AD00007,""
AD00008,""
AD00009,""
AD00010,""
AD00011,""
AD00012,""
AD00013,""
AD00014,""
AD00015,""
AD00016,""
AD00017,""
AD00018,""
AD00019,""
AD00020,""
AD00021,""
AD00022,""
AD00023,""
AD00024,""
AD00025,""
AD00026,""
AD00027,""
AD00028,""
AD00029,""
AD00030,""
AD00031,""
AD00032,""
AD00033,""
AD00034,""
AD00035,""
AD00036,""
AD00037,""
AD00038,""
AD00039,""
AD00040,""
AD00041,""
AD00042,""
AD00043,""
AD00044,""
AD00045,""
AD00046,""
AD00047,""
AD00048,""
AD00049,""
AD00050,""
AD00051,""
AD00052,""
AD00053,""
AD00054,""
AD00055,""
AD00056,""
AD00057,""
AD00058,""
AD00059,""
AD00060,""
AD00061,""
AD00062,""
AD00063,""
AD00064,""
AD00065,""
AD00066,""
AD00067,""
AD00068,""
AD00069,""
AD00070,""
AD00071,""
AD00072,""
AD00073,""
AD00074,""
AD00075,""
AD00076,""
AD00077,""
AD00078,""
AD00079,""
AD00080,""
AD00081,""
AD00082,""
AD00083,""
AD00084,""
AD00085,""
AD00086,""
AD00087,""
AD00088,""
AD00090,""
AD00091,""
AD00092,""
AD00093,""
AD00094,""
AD00095,""
AD00096,""
AD00098,""
AD00099,""
AD00100,""
AD00101,""
AD00102,""
AD00103,""
AD00104,""
AD00105,""
AD00106,""
AD00107,""
AD00108,""
AD00109,""
AD00110,""
AD00111,""
AD00112,""
AD00113,""
AD10001,""
AD10002,""
AD10003,""
AD20002,""
AD20016,""
AD20020,""
AD20022,""
AD20023,""
AD20029,""
AD20030,""
AD20033,""
AD20041,""
AD20042,""
AD20057,""
AD20059,""
AD20060,""
AD20061,""
AD20071,""
AD20072,""
AD20074,""
AD20127,""
AD20134,""
AD25008,""
AD25023,""
AD25027,""
AD25028,""
AD25032,""
AD25033,""
AD25034,""
AD25035,""
AD25037,""
AD25044,""
AD25045,""
AD25046,""
AD25048,""
AD25049,""
AD25050,""
AD25066,""
AD25067,""
AD25069,""
AD26500,""
AD30009,""
AD30017,""
AD30022,""
AD30037,""
AD30041,""
AD30222,""
AD30342,""
AD30350,""
AD30417,""
AD30587,""
AD30763,""
AD30764,""
AD30773,""
AD30804,""
AD30825,""
AD32156,""
AD32167,""
AD32169,""
AD32170,""
AD32213,""
AD32214,""
AD32217,""
AD32303,""
AD32362,""
AD32366,""
AD32616,""
AD50509,""
AD50512,""
AD52741,""
AD52742,""
AD52743,""
AD53282,""
AD60001,""
AD60002,""
AD60003,""
AE00002,""
AE00003,""
AE00004,""
AE00005,""
AE00007,""
AE00008,""
AE00009,""
AE00010,""
AE00011,""
AE00012,""
AE00013,""
AE00014,""
AE00015,""
AE00016,""
AE00017,""
AE00018,""
AE00019,""
AE00020,""
AE00021,""
AE00022,""
AE00023,""
AE00024,""
AE00025,""
AE00026,""
AE00027,""
AE00028,""
AE00029,""
AE00030,""
AE00031,""
AE00032,""
AE00033,""
AE00034,""
AE00035,""
AE00036,""
AE00037,""
AE00038,""
AE00039,""
AE00040,""
AE00041,""
AE00042,""
AE00043,""
AE00044,""
AE00045,""
AE00046,""
AE00047,""
AE00048,""
AE00049,""
AE00050,""
AE00051,""
AE00052,""
AE00053,""
AE00054,""
AE00055,""
AE00056,""
AE00057,""
AE00058,""
AE00059,""
AE00060,""
AE00061,""
AE00062,""
AE00063,""
AE00064,""
AE00065,""
AE00066,""
AE00067,""
AE00068,""
AE00071,""
AE00072,""
AE00073,""
AE00074,""
AE00076,""
AE00077,""
AE00078,""
AE00079,""
AE00080,""
AE00081,""
AE00082,""
AE00083,""
AE00084,""
AE00085,""
AE00086,""
AE00087,""
AE00088,""
AE00089,""
AE00090,""
AE00091,""
AE00092,""
AE00093,""
AE00094,""
AE00095,""
AE00096,""
AE00097,""
AE00098,""
AE00099,""
AE00100,""
AE00101,""
AE00102,""
AE00103,""
AE00104,""
AE00105,""
AE00106,""
AE00107,""
AE00108,""
AE00109,""
AE00110,""
AE00111,""
AE00112,""
AE00113,""
AE00114,""
AE00115,""
AE00116,""
AE00117,""
AE00118,""
AE00119,""
AE00120,""
AE00121,""
AE00122,""
AE00123,""
AE00124,""
AE00125,""
AE00126,""
AE00127,""
AE00128,""
AE00129,""
AE00130,""
AE00131,""
AE00132,""
AE00133,""
AE00134,""
AE00135,""
AE00136,""
AE00137,""
AE00138,""
AE00139,""
AE00140,""
AE00141,""
AE00142,""
AE00143,""
AE00144,""
AE00145,""
AE00146,""
AE00147,""
AE00148,""
AE00149,""
AE00150,""
AE00151,""
AE00152,""
AE00153,""
AE00154,""
AE00155,""
AE00156,""
AE00157,""
AE00158,""
AE00159,""
AE00160,""
AE00161,""
AE00162,""
AE00163,""
AE00164,""
AE00173,""
AE01001,""
AE01002,""
AE01003,""
AE01004,""
AE01005,""
AE01006,""
AE01007,""
AE01008,""
AE02002,""
AE02003,""
AE02004,""
AE02005,""
AE02006,""
AE02007,""
AE05002,""
AE05003,""
AE05004,""
AE05005,""
AE05006,""
AE05007,""
AE05008,""
AE05009,""
AE05010,""
AE05011,""
AE05012,""
AE05013,""
AE05014,""
AE05015,""
AE05016,""
AE05017,""
AE05018,""
AE05019,""
AE05020,""
AE05021,""
AE05022,""
AE05023,""
AE05024,""
AE05025,""
AE05026,""
AE05027,""
AE05028,""
AE05029,""
AE05030,""
AE05031,""
AE05032,""
AE05033,""
AE05034,""
AE05035,""
AE05036,""
AE05037,""
AE05038,""
AE05039,""
AE05040,""
AE05041,""
AE05042,""
AE05043,""
AE05044,""
AE05045,""
AE05046,""
AE05047,""
AE05048,""
AE05049,""
AE05050,""
AE20019,""
AE20030,""
AE20135,""
AE21916,""
AE25016,""
AE25019,""
AE30803,""
AE32601,""
AE32602,""
AE32603,""
AE32604,""
AE32608,""
AE32609,""
AE32610,""
AE32612,""
AE33111,""
AE33142,""
AE50037,""
AE50509,""
AE90001,""
AF00001,""
AF00002,""
AF00003,""
AF00004,""
AF00005,""
AF00006,""
AF00007,""
AF00008,""
AF00009,""
AF00010,""
AF00011,""
AF00012,""
AF00013,""
AF00014,""
AF00015,""
AF00016,""
AF00017,""
AF00018,""
AF00019,""
AF00020,""
AF00021,""
AF00022,""
AF00023,""
AF00024,""
AF00025,""
AF00026,""
AF00027,""
AF00028,""
AF00029,""
AF00030,""
AF00031,""
AF00032,""
AF00033,""
AF00034,""
AF00035,""
AF00036,""
AF00037,""
AF00038,""
AF00039,""
AF00040,""
AF00041,""
AF00042,""
AF00043,""
AF00044,""
AF00045,""
AF00048,""
AF00049,""
AF00050,""
AF00051,""
AF00052,""
AF00053,""
AF00054,""
AF00055,""
AF00056,""
AF00057,""
AF00058,""
AF00059,""
AF00060,""
AF00061,""
AF00062,""
AF00063,""
AF00064,""
AF00065,""
AF00066,""
AF00067,""
AF00068,""
AF00069,""
AF00070,""
AF00071,""
AF00072,""
AF00073,""
AF00074,""
AF00075,""
AF00076,""
AF00077,""
AF00078,""
AF00079,""
AF00080,""
AF00081,""
AF00082,""
AF00083,""
AF00084,""
AF00085,""
AF00086,""
AF00087,""
AF00088,""
AF00089,""
AF00090,""
AF00091,""
AF00092,""
AF00093,""
AF00094,""
AF00095,""
AF00096,""
AF00097,""
AF00100,""
AF00101,""
AF00102,""
AF00103,""
AF00104,""
AF00105,""
AF00106,""
AF00107,""
AF00108,""
AF00109,""
AF00110,""
AF00111,""
AF00112,""
AF00113,""
AF00114,""
AF00115,""
AF00116,""
AF00117,""
AF00118,""
AF00119,""
AF00120,""
AF00121,""
AF00122,""
AF00123,""
AF00124,""
AF00125,""
AF00126,""
AF00127,""
AF00128,""
AF00129,""
AF00130,""
AF00131,""
AF00132,""
AF00133,""
AF00134,""
AF00135,""
AF00136,""
AF00137,""
AF00138,""
AF00139,""
AF00140,""
AF00141,""
AF00142,""
AF00143,""
AF00144,""
AF00145,""
AF00146,""
AF00147,""
AF00148,""
AF00149,""
AF00150,""
AF00151,""
AF00152,""
AF60001,""
AF60002,""
AF60003,""
AF60004,""
AF60005,""
AF60006,""
AF60007,""
AF90001,""
AF90002,""
AF90003,""
AF90004,""
AF90005,""
AF90006,""
AF99991,""
AF99992,""
AF99993,""
AF99994,""
AF99995,""
AF99999,""
AG00001,""
AG00002,""
AG00003,""
AG00004,""
AG00005,""
AG00006,""
AG00007,""
AG00008,""
AG00009,""
AG00010,""
AG00011,""
AG00012,""
AG00013,""
AG00501,""
AG00502,""
AG99991,""
AG99992,""
AG99993,""
AG99994,""
AG99995,""
AG99999,""
AH00001,""
AH00002,""
AH00003,""
AH00004,""
AH00005,""
AH00006,""
AH00007,""
AH00008,""
AH00009,""
AH00010,""
AH00011,""
AH00012,""
AH00013,""
AH00014,""
AH00015,""
AH00016,""
AH00017,""
AH00018,""
AH00019,""
AH00020,""
AH00021,""
AH00022,""
AH00023,""
AH00024,""
AH00025,""
AH00026,""
AH00027,""
AH00028,""
AH00029,""
AH00030,""
AH00031,""
AH00032,""
AH00033,""
AH00034,""
AH00035,""
AH00036,""
AH00037,""
AH00038,""
AH00039,""
AH00040,""
AH00041,""
AH00042,""
AH00043,""
AH00044,""
AH00045,""
AH00046,""
AH50805,""
AH50806,""
AH50807,""
AH50808,""
AH50809,""
AH50810,""
AH50811,""
AH53401,""
AH53402,""
AH60001,""
AH60002,""
AH60003,""
AH60004,""
AH60005,""
AH90001,""
AH90002,""
AH90003,""
AH90004,""
AH99991,""
AH99992,""
AH99993,""
AH99994,""
AH99995,""
AH99999,""
AJ00001,""
AJ00002,""
AJ00003,""
AJ00004,""
AJ00005,""
AJ00006,""
AJ00007,""
AJ00008,""
AJ00009,""
AJ00010,""
AJ00011,""
AJ00012,""
AJ00013,""
AJ00014,""
AJ00015,""
AJ00016,""
AJ00017,""
AJ00018,""
AJ00019,""
AJ00020,""
AK00001,""
AK00002,""
AK00003,""
AK00004,""
AK00005,""
AK00006,""
AK00007,""
AK00008,""
AK00009,""
AK00010,""
AK00011,""
AK00012,""
AK00013,""
AK00014,""
AK00015,""
AK00016,""
AK00017,""
AK00018,""
AK00019,""
AK00020,""
AK00021,""
AK00022,""
AK00023,""
AK00024,""
AK00025,""
AK00026,""
AK25047,""
AK25076,""
AK30417,""
AK32818,""
AK33231,""
AK33232,""
AK33261,""
AK50537,""
AK50542,""
AK50558,""
AK50585,""
AK50594,""
AK50700,""
AK50702,""
AK50718,""
AK51921,""
AK52026,""
AK52053,""
AK52141,""
AK52142,""
AK52146,""
AK53355,""
AK53356,""
AK53401,""
AK53402,""
AK53412,""
AL04001,""
AL04002,""
AL04003,""
AL10001,""
AL10002,""
AL10003,""
AL10004,""
AL10005,""
AL10006,""
AL10007,""
AL10008,""
AL10009,""
AL10010,""
AL10011,""
AL10012,""
AL10013,""
AL10014,""
AL10015,""
AL20002,""
AL20003,""
AL20004,""
AL20005,""
AL20006,""
AL20007,""
AL20009,""
AL20010,""
AL20011,""
AL20012,""
AL20013,""
AL20014,""
AL30001,""
AL30002,""
AL30003,""
AL30004,""
AL30005,""
AL30006,""
AL30007,""
AL40004,""
AL40005,""
AL40006,""
AL40007,""
AL40008,""
AL40009,""
AL40010,""
AL40011,""
AL40012,""
AL40013,""
AL50002,""
AL50003,""
AL50004,""
AL50005,""
AL50006,""
AL50007,""
AL50008,""
AL50009,""
AL50010,""
AL50011,""
AL50012,""
AL50013,""
AL50014,""
AL50015,""
AL50016,""
AL50017,""
AL60001,""
AL60002,""
AL60003,""
AL60004,""
AL60005,""
AL60006,""
AL60007,""
AL60008,""
AL60009,""
AL60010,""
AL60011,""
AL60012,""
AL60013,""
AL60014,""
AL60015,""
AL60016,""
AL99999,""
AN00001,""
AN00002,""
AN01001,""
AN01002,""
AN01003,""
AN02001,""
AN02002,""
AN02003,""
AN02004,""
AN02005,""
AN02006,""
AN02007,""
AN02008,""
AN02009,""
AN02010,""
AN02011,""
AN02012,""
AN02013,""
AN02014,""
AN02015,""
AN02016,""
AN02017,""
AN02018,""
AN02019,""
AN02020,""
AN02021,""
AN02022,""
AN02023,""
AN02024,""
AN02025,""
AN02026,""
AN02027,""
AN02028,""
AN02029,""
AN02030,""
AN02031,""
AN02032,""
AN02033,""
AN02034,""
AN02035,""
AN02036,""
AN02037,""
AN02038,""
AN02039,""
AN02040,""
AN02041,""
AN02042,""
AN02043,""
AN02044,""
AN02045,""
AN02046,""
AN02047,""
AN02048,""
AN02049,""
AN02050,""
AN02051,""
AN02052,""
AN02053,""
AN02054,""
AN02055,""
AN02056,""
AN02057,""
AN02058,""
AN03001,""
AN03002,""
AN03003,""
AN04001,""
AN05001,""
AN05002,""
AN05003,""
AN06001,""
AN06002,""
AN06003,""
AN06004,""
AN06005,""
AN06006,""
AN06007,""
AN06008,""
AN06009,""
AN07001,""
AN07002,""
AN07003,""
AN07004,""
AN07005,""
AN08001,""
AN08002,""
AN08003,""
AN08004,""
AN08005,""
AN08006,""
AN08007,""
AN08008,""
AN08009,""
AN08010,""
AN08011,""
AN08012,""
AN08013,""
AN08014,""
AN08015,""
AN08016,""
AN08017,""
AN08018,""
AN08019,""
AN08020,""
AN08021,""
AN10001,""
AZ00001,""
AZ00002,""
AZ00003,""
AZ00004,""
AZ00005,""
AZ00006,""
AZ00007,""
AZ00008,""
AZ00009,""
AZ00010,""
AZ00011,""
AZ00012,""
AZ00013,""
AZ00014,""
AZ00015,""
AZ00016,""
AZ00017,""
AZ00018,""
AZ00019,""
AZ00020,""
AZ00021,""
AZ00022,""
AZ00023,""
AZ00024,""
AZ00025,""
AZ00026,""
AZ00027,""
AZ00028,""
AZ00029,""
AZ00030,""
AZ00031,""
AZ00032,""
AZ00033,""
AZ00034,""
AZ00035,""
AZ01001,""
AZ60001,""
AZ60002,""
AZ60003,""
AZ60004,""
AZ90001,""
AZ99991,""
AZ99992,""
AZ99993,""
AZ99994,""
AZ99995,""
AZ99999,""
BA00001,""
BA00002,""
BA00003,""
BA00004,""
BA00005,""
BA00006,""
BA00007,""
BA00008,""
BA00009,""
BA00010,""
BA00011,""
BA00012,""
BA00013,""
BA00014,""
BA00015,""
BA00016,""
BA00017,""
BA00018,""
BA00019,""
BA00020,""
BA00021,""
BA00022,""
BA00023,""
BA00024,""
BA00025,""
BA00026,""
BA00027,""
BA00028,""
BA00029,""
BA00030,""
BA00031,""
BA00032,""
BA00033,""
BA00034,""
BA00035,""
BA00036,""
BA00037,""
BA00038,""
BA00039,""
BA00040,""
BA00041,""
BA00042,""
BA00043,""
BA00044,""
BA00045,""
BA00046,""
BA00047,""
BA00048,""
BA00049,""
BA00050,""
BA00051,""
BA00052,""
BA00053,""
BA00054,""
BA00055,""
BA00056,""
BA00057,""
BA00058,""
BA00059,""
BA00060,""
BA00061,""
BA00062,""
BA00063,""
BA00064,""
BA00065,""
BA00066,""
BA00067,""
BA00068,""
BA00069,""
BA00070,""
BA00071,""
BA00072,""
BA00073,""
BA00074,""
BA00075,""
BA00076,""
BA00077,""
BA00078,""
BA00079,""
BA00080,""
BA00081,""
BA00082,""
BA00083,""
BA00084,""
BA00085,""
BA00086,""
BA00087,""
BA00088,""
BA00089,""
BA00090,""
BA00091,""
BA00092,""
BA00093,""
BA00094,""
BA00095,""
BA00096,""
BA00097,""
BA00098,""
BA00099,""
BA90001,""
BA90002,""
BA90003,""
BA90004,""
BA90005,""
BB00001,""
BB00002,""
BB00003,""
BB00004,""
BB00005,""
BB00006,""
BB00007,""
BB00008,""
BB00009,""
BB00010,""
BB00011,""
BB00012,""
BB00013,""
BB00014,""
BB00015,""
BB00016,""
BB00017,""
BB00018,""
BB00019,""
BB00020,""
BB00021,""
BB00022,""
BB00023,""
BB00024,""
BB00025,""
BB00026,""
BB00027,""
BB00028,""
BB00029,""
BB00030,""
BB00031,""
BB00032,""
BB00033,""
BB00034,""
BB00035,""
BB00036,""
BB00037,""
BB00038,""
BB00039,""
BB00040,""
BB00041,""
BB00042,""
BB00043,""
BB00044,""
BB00045,""
BB00046,""
BB00047,""
BB00048,""
BB00049,""
BB00050,""
BB00051,""
BB00052,""
BB00053,""
BB00054,""
BB00055,""
BB00056,""
BB00057,""
BB00058,""
BB00059,""
BC00001,""
BC00002,""
BC00003,""
BC00004,""
BC00005,""
BC00006,""
BC00007,""
BC00008,""
BC00009,""
BC00010,""
BC00011,""
BC00012,""
BC00013,""
BC00014,""
BC00015,""
BC00016,""
BC00017,""
BC00018,""
BC00019,""
BC00020,""
BC00021,""
BC00022,""
BD00001,""
BD00002,""
BD00003,""
BD00004,""
BD00005,""
BD00006,""
BD00007,""
BD00008,""
BD00009,""
BD00010,""
BD00011,""
BD00012,""
BD00013,""
BD00014,""
BD00015,""
BD00016,""
BD00017,""
BD00018,""
BD00019,""
BD00020,""
BD00021,""
BD00022,""
BD00023,""
BD00024,""
BD00025,""
BD00026,""
BD00027,""
BD00028,""
BD00029,""
BD00030,""
BD00031,""
BD00032,""
BD00033,""
BD00034,""
BD00035,""
BD00036,""
BD00037,""
BD00038,""
BD00039,""
BD00040,""
BD00041,""
BD00042,""
BD00043,""
BD00044,""
BD00045,""
BD00046,""
BD00047,""
BD00048,""
BD00049,""
BD00050,""
BD00051,""
BD00052,""
BD00053,""
BD00054,""
BD00055,""
BD00056,""
BD00057,""
BD00058,""
BD00059,""
BD00060,""
BD00061,""
BD00062,""
BD00063,""
BD00064,""
BD00065,""
BD00066,""
BD00067,""
BD00068,""
BD00069,""
BD00070,""
BD00071,""
BD00072,""
BD00073,""
BD00074,""
BD00075,""
BD00076,""
BD00077,""
BD00078,""
BD00079,""
BD00080,""
BD00081,""
BD00082,""
BD00083,""
BE00001,""
BE00002,""
BE00003,""
BE00004,""
BE00005,""
BE00006,""
BE00007,""
BE00008,""
BE00009,""
BE00010,""
BE00011,""
BE00012,""
BF00001,""
BF00002,""
BF00003,""
BF00004,""
BF00005,""
BF00006,""
BF00007,""
BF00008,""
BF00009,""
BF00010,""
BF00011,""
BF00012,""
BF00013,""
BF00014,""
BF00015,""
BF00016,""
BF00017,""
BF00018,""
BF00019,""
BF00020,""
BF00021,""
BF00022,""
BF00023,""
BF00024,""
BF00025,""
BG00001,""
BG00002,""
BG00003,""
BG00004,""
BH00001,""
BH00002,""
BH00003,""
BH00004,""
BH00005,""
BH00006,""
BH00007,""
BH00008,""
BH00009,""
BH00010,""
BH00011,""
BH00012,""
BZ00001,""
BZ00002,""
BZ00003,""
BZ00004,""
BZ00005,""
BZ00006,""
BZ00007,""
BZ00008,""
BZ00009,""
BZ00010,""
BZ00011,""
BZ00012,""
BZ00013,""
BZ00014,""
BZ00015,""
BZ00016,""
BZ00017,""
BZ00018,""
BZ00019,""
BZ00020,""
BZ00021,""
BZ00022,""
BZ00023,""
BZ00024,""
BZ00025,""
BZ00026,""
BZ00027,""
BZ00028,""
BZ00029,""
BZ00030,""
BZ00034,""
BZ00035,""
BZ00036,""
BZ00037,""
BZ00038,""
BZ00039,""
BZ00040,""
BZ00041,""
BZ00042,""
BZ00043,""
BZ00044,""
BZ00045,""
BZ00046,""
BZ00047,""
BZ00050,""
BZ00051,""
BZ00052,""
BZ00053,""
BZ00054,""
BZ00055,""
BZ00056,""
BZ00057,""
BZ00058,""
BZ00059,""
BZ00060,""
BZ00061,""
BZ00062,""
BZ00063,""
BZ00064,""
BZ00065,""
BZ00066,""
BZ00067,""
BZ00068,""
BZ00069,""
BZ00070,""
BZ00071,""
BZ00072,""
BZ00073,""
BZ00074,""
BZ00075,""
BZ00076,""
BZ00077,""
BZ00078,""
BZ00079,""
BZ00080,""
BZ00081,""
BZ00082,""
BZ00083,""
BZ00084,""
BZ00085,""
BZ00086,""
BZ00087,""
BZ00088,""
BZ00089,""
BZ00090,""
BZ00091,""
BZ00092,""
BZ00093,""
BZ00094,""
BZ00095,""
BZ00096,""
BZ00097,""
BZ00098,""
BZ00099,""
BZ00100,""
BZ00101,""
BZ00102,""
BZ00104,""
BZ00105,""
BZ00106,""
BZ00107,""
BZ00108,""
BZ00109,""
BZ00110,""
BZ00111,""
BZ00112,""
BZ00113,""
BZ00114,""
BZ00115,""
BZ00116,""
BZ00117,""
BZ00119,""
BZ00120,""
BZ00121,""
BZ00122,""
BZ00123,""
BZ00124,""
BZ00125,""
BZ00126,""
BZ00127,""
BZ00128,""
BZ00129,""
BZ00130,""
BZ00131,""
BZ00132,""
BZ00133,""
BZ00134,""
BZ00135,""
BZ00136,""
BZ00137,""
BZ00138,""
BZ00139,""
BZ00140,""
BZ00141,""
BZ00142,""
BZ00143,""
BZ00144,""
BZ00145,""
BZ00146,""
BZ00147,""
BZ00148,""
BZ00149,""
BZ00150,""
BZ00151,""
BZ00152,""
BZ00153,""
BZ00154,""
BZ00155,""
BZ00156,""
BZ00157,""
BZ00158,""
BZ00159,""
BZ00160,""
BZ00161,""
BZ00162,""
BZ00163,""
BZ00164,""
BZ00165,""
BZ00166,""
BZ00167,""
BZ00168,""
BZ00169,""
BZ00170,""
BZ00171,""
BZ00172,""
BZ00173,""
BZ00174,""
BZ00175,""
BZ00176,""
BZ00177,""
BZ00178,""
BZ00179,""
BZ00180,""
BZ00181,""
BZ00182,""
BZ00183,""
BZ00184,""
BZ00185,""
BZ00186,""
BZ00187,""
BZ00188,""
BZ00189,""
BZ00190,""
BZ00191,""
BZ00192,""
BZ00193,""
BZ09900,""
BZ90002,""
CA00001,""
CA00002,""
CA00003,""
CA00004,""
CA00005,""
CA00006,""
CA00007,""
CA00008,""
CA00009,""
CA00010,""
CA00011,""
CA00012,""
CA00013,""
CA00014,""
CA00015,""
CA00016,""
CA00017,""
CA00018,""
CA00019,""
CA00020,""
CA00021,""
CA00022,""
CA00023,""
CA00024,""
CA00025,""
CA00026,""
CA00027,""
CA00028,""
CA00029,""
CA00030,""
CA00031,""
CA00032,""
CA00033,""
CA00034,""
CA00035,""
CA00036,""
CA00037,""
CA00038,""
CA00039,""
CA00040,""
CA00041,""
CA00042,""
CA00043,""
CA00044,""
CA00045,""
CA00046,""
CA00047,""
CA00048,""
CA00049,""
CA00050,""
CA00051,""
CA00052,""
CA00053,""
CA00054,""
CA00055,""
CA00056,""
CA00057,""
CA00058,""
CA00059,""
CA00060,""
CA00061,""
CA00062,""
CA00063,""
CA00064,""
CA00065,""
CA00066,""
CA00067,""
CA00068,""
CA00069,""
CA00070,""
CA00071,""
CA00072,""
CA00073,""
CA00074,""
CA00075,""
CA00076,""
CA00077,""
CA00078,""
CA00079,""
CA00080,""
CA00081,""
CA00082,""
CA00083,""
CA00084,""
CA00085,""
CA00086,""
CA00087,""
CA00088,""
CA00089,""
CA00090,""
CA00091,""
CA00092,""
CA00093,""
CA00094,""
CA00095,""
CA00096,""
CA00097,""
CA00098,""
CA00099,""
CA00100,""
CA00101,""
CA00102,""
CA00103,""
CA00104,""
CA00105,""
CA00106,""
CA00107,""
CA00108,""
CA00109,""
CA00110,""
CA00111,""
CA00112,""
CA00113,""
CA00114,""
CA00115,""
CA00116,""
CA00117,""
CA00118,""
CA00119,""
CA00120,""
CA00121,""
CA00122,""
CA00123,""
CA00124,""
CA00125,""
CA00126,""
CA00127,""
CA00128,""
CA00129,""
CA00130,""
CA00131,""
CA00132,""
CA00133,""
CA00134,""
CA00135,""
CA00136,""
CA00137,""
CA00138,""
CA00139,""
CA00140,""
CA00141,""
CA00142,""
CA00143,""
CA00144,""
CA00145,""
CB00001,""
CB00002,""
CB00003,""
CB00004,""
CB00005,""
CB00006,""
CB00007,""
CB00008,""
CB00009,""
CB00010,""
CB00011,""
CB00012,""
CB00013,""
CB00014,""
CB00015,""
CB00016,""
CB00017,""
CB00018,""
CB00019,""
CB00020,""
CB00021,""
CB00022,""
CB00023,""
CB00024,""
CB00025,""
CB00026,""
CB00027,""
CB00028,""
CB00029,""
CB00030,""
CB00031,""
CB00032,""
CB00033,""
CB00034,""
CB00035,""
CB00036,""
CB00038,""
CB00039,""
CB00040,""
CB00041,""
CB00042,""
CB00044,""
CB00046,""
CC00001,""
CC00002,""
CC00003,""
CC00004,""
CC00005,""
CC00006,""
CC00007,""
CC00008,""
CC00009,""
CC00010,""
CC00011,""
CC00012,""
CC00013,""
CC00014,""
CC00015,""
CC00016,""
CC00017,""
CC00018,""
CC00019,""
CC00020,""
CC00021,""
CC00022,""
CD00001,""
CD00002,""
CD00003,""
CD00004,""
CD00005,""
CD00006,""
CD00007,""
CD00008,""
CD00009,""
CD00010,""
CD00011,""
CD00012,""
CD00013,""
CD00014,""
CD00015,""
CD00016,""
CD00017,""
CD00018,""
CD00019,""
CD00020,""
CD00021,""
CD00022,""
CD00023,""
CD00024,""
CD00025,""
CD00026,""
CD00027,""
CD00028,""
CD00029,""
CD00030,""
CD00031,""
CD00032,""
CD00033,""
CD00034,""
CD00035,""
CD00036,""
CD00037,""
CD00038,""
CD00039,""
CD00040,""
CD00041,""
CD00042,""
CD00043,""
CD00044,""
CD00045,""
CD00054,""
CD00055,""
CD00056,""
CD00057,""
CD00059,""
CD00060,""
CD00061,""
CD00062,""
CD00063,""
CD00064,""
CD00065,""
CD00066,""
CD00067,""
CD00068,""
CD00069,""
CD00070,""
CD00071,""
CD00072,""
CD00073,""
CD00074,""
CD00075,""
CD00076,""
CD00077,""
CD00078,""
CD00079,""
CD00080,""
CD00081,""
CD00082,""
CD00083,""
CD00084,""
CD00085,""
CD00086,""
CD00087,""
CD00088,""
CD00089,""
CD00090,""
CD00091,""
CD00092,""
CD00093,""
CD00094,""
CD00095,""
CD00096,""
CD00097,""
CD00098,""
CD00099,""
CD00100,""
CD00101,""
CD00102,""
CD00103,""
CD00104,""
CD00105,""
CD00106,""
CD00107,""
CD00108,""
CD00109,""
CD00110,""
CD00111,""
CD00112,""
CD00114,""
CD00115,""
CD00116,""
CD00118,""
CD00119,""
CE00001,""
CF00001,""
CF00002,""
CF00003,""
CF00004,""
CF00005,""
CF00006,""
CF00007,""
CF00008,""
CF00009,""
CF00010,""
CF00011,""
CF00012,""
CF00013,""
CF00014,""
CF00015,""
CF00016,""
CF00017,""
CF00018,""
CF00020,""
CF00021,""
CF00022,""
CF00023,""
CF00024,""
CF00025,""
CF00026,""
CF00027,""
CF00028,""
CF00029,""
CG00001,""
CG00002,""
CG00003,""
CH00001,""
CH00002,""
CH00003,""
CH00004,""
CI00001,""
CI00002,""
CI00003,""
CI00004,""
CI00005,""
CI00006,""
CI00007,""
CI00008,""
CI00009,""
CZ00001,""
CZ00002,""
CZ00003,""
CZ00004,""
CZ00005,""
CZ00006,""
CZ00007,""
CZ00008,""
CZ00009,""
CZ00010,""
CZ00011,""
CZ00012,""
CZ00013,""
CZ00014,""
CZ00015,""
CZ00016,""
CZ00017,""
CZ00018,""
CZ00019,""
CZ00020,""
CZ00021,""
CZ00022,""
CZ00023,""
CZ00024,""
CZ00025,""
CZ00026,""
CZ00027,""
CZ00028,""
CZ00029,""
CZ00030,""
CZ00031,""
CZ00032,""
CZ00033,""
CZ00034,""
CZ00035,""
CZ00036,""
CZ00037,""
CZ00038,""
CZ00039,""
CZ00040,""
CZ00041,""
CZ00042,""
CZ00043,""
CZ00044,""
CZ00045,""
CZ00046,""
CZ00047,""
CZ00048,""
CZ00049,""
CZ00050,""
CZ00051,""
CZ00052,""
CZ00053,""
CZ00054,""
CZ00055,""
CZ00056,""
CZ00057,""
CZ00058,""
CZ00059,""
CZ00060,""
CZ00061,""
CZ00062,""
CZ00063,""
CZ00064,""
CZ00065,""
CZ00066,""
CZ00067,""
CZ00068,""
CZ00069,""
DA00001,""
DA00002,""
DA00003,""
DA00004,""
DA00005,""
DA00006,""
DA00007,""
DA00008,""
DA00009,""
DA01001,""
DA01002,""
DA02001,""
DA02002,""
DA02003,""
DA02004,""
DA02005,""
DA02006,""
DA02007,""
DA02101,""
DA02102,""
DA02103,""
DA02104,""
DA02105,""
DA02106,""
DA02107,""
DA02108,""
DA02109,""
DA02110,""
DA03001,""
DA03002,""
DA03101,""
DA03102,""
DA04001,""
DA04002,""
DA04003,""
DA04004,""
DA04101,""
DA04102,""
DA05001,""
DA05002,""
DA05003,""
DB00004,""
DB00005,""
DB00006,""
DB00007,""
DB00008,""
DB00009,""
DB00010,""
DB00011,""
DB00012,""
DB00013,""
DB00014,""
DB00015,""
DB00016,""
DB00017,""
DB00018,""
DB00101,""
DB01001,""
DB01002,""
DB01003,""
DB01004,""
DB01101,""
DB02001,""
DB02002,""
DB02003,""
DB02004,""
DB02005,""
DB02006,""
DB02007,""
DB02101,""
DB03001,""
DB03002,""
DB03003,""
DB03004,""
DB03005,""
DB03006,""
DB03101,""
DB04001,""
DB04002,""
DB04003,""
DB04004,""
DB04101,""
DB10101,""
DB10102,""
DC00001,""
DC00002,""
DC00003,""
DC00004,""
DC00005,""
DC00006,""
DC00007,""
DC00008,""
DC00101,""
DC00102,""
DC00201,""
DC00202,""
DC00203,""
DC00204,""
DC00205,""
DC00206,""
DC00207,""
DC00208,""
DC00209,""
DC01201,""
DC01202,""
DC01203,""
DC01204,""
DC01205,""
DC01206,""
DC01207,""
DC01208,""
DC01209,""
DC01210,""
DC01211,""
DC01212,""
DC02201,""
DC02202,""
DC02203,""
DC10101,""
DC10102,""
DD00001,""
DE00001,""
DE00002,""
DE00003,""
DE00004,""
DE00005,""
DE00006,""
DE01101,""
DE01102,""
DE01103,""
DE01104,""
DE01105,""
DE01106,""
DE02001,""
DE02201,""
DE02202,""
DE02203,""
DE02204,""
DE03201,""
DE03202,""
DE03203,""
DE04001,""
DE04201,""
DE04202,""
DE04203,""
DZ00001,""
DZ00002,""
DZ01001,""
DZ01002,""
DZ01003,""
DZ01101,""
DZ01102,""
KA00009,""
KA00014,""
KA00015,""
KA00016,""
KA00017,""
KA00020,""
KA00021,""
KA00022,""
KA00025,""
KA00026,""
KA00031,""
KA00032,""
KA00035,""
KA00036,""
KA00051,""
KA00052,""
KA00058,""
KA00059,""
KA00060,""
KA00108,""
KA00111,""
KA00112,""
KA00113,""
KA00115,""
KA00116,""
KA00117,""
KA00118,""
KA00119,""
KA00120,""
KA00121,""
KA00122,""
KA00123,""
KI00001,""
KI00002,""
KI00003,""
KI00004,""
KI00005,""
KI00006,""
KI00007,""
KI00008,""
KI00009,""
KI00010,""
KI00011,""
KI00012,""
KI00013,""
KI00014,""
KI00015,""
KI00016,""
KI00017,""
KI00018,""
KI00019,""
KI00020,""
KI00021,""
KI00022,""
KI00023,""
KI00024,""
KI00025,""
KI00026,""
KP00001,""
KP00002,""
KP00003,""
KP00004,""
KP00005,""
KP00006,""
KP00007,""
KP00008,""
KP00009,""
KP00010,""
KP04101,""
KP04102,""
KP04103,""
KP04104,""
KP04201,""
KP04202,""
KP04203,""
KP04204,""
KP04205,""
KP04206,""
KP04207,""
KP04301,""
KP04302,""
KP04303,""
KP04304,""
KP04305,""
KP05001,""
KP05002,""
KP05003,""
KP06001,""
KP06002,""
KP06003,""
KP06004,""
KQ00001,""
KQ00002,""
KQ00003,""
KQ00004,""
KQ00005,""
KQ00006,""
KQ00007,""
KQ00008,""
KQ00009,""
KQ00010,""
KQ00014,""
KQ00015,""
KQ00016,""
KQ00017,""
KQ00020,""
KQ00021,""
KQ00022,""
KQ00023,""
KQ00024,""
KQ00025,""
KQ00026,""
KQ00027,""
KQ00028,""
KQ00029,""
KQ00030,""
KQ00031,""
KQ00035,""
KQ00037,""
KQ00038,""
KQ00039,""
KQ00040,""
KQ00041,""
KQ00043,""
KQ00044,""
KQ00045,""
KQ00046,""
KQ00047,""
KQ00048,""
KQ00049,""
KQ00050,""
KQ00053,""
KQ00055,""
KQ00056,""
KQ00057,""
KQ00062,""
KQ00063,""
KQ00064,""
KQ00065,""
KQ00066,""
KQ00067,""
KQ00071,""
KQ00072,""
KQ00073,""
KQ00074,""
KQ00080,""
KQ00081,""
KQ00100,""
KQ00101,""
KQ00102,""
KQ00103,""
KQ00105,""
KQ00106,""
KQ00108,""
KQ00114,""
KQ00115,""
KQ00116,""
KQ00117,""
KQ00120,""
KQ00121,""
KQ00122,""
KQ00123,""
KQ00127,""
KQ00129,""
KQ00130,""
KQ00131,""
KQ00135,""
KQ00138,""
KQ00140,""
KQ00143,""
KQ00146,""
KQ00149,""
KQ00153,""
KQ00154,""
KQ00155,""
KQ00301,""
KQ00302,""
KQ00303,""
KQ00307,""
KQ00308,""
KQ00309,""
KQ00314,""
KQ00315,""
KQ10316,""
KQ10317,""
KQ10318,""
KQ20001,""
KQ20002,""
KQ20003,""
KQ20004,""
KQ20005,""
KR00001,""
KR00017,""
KR00018,""
KT00001,""
KT00002,""
KT00003,""
KT00004,""
KT00005,""
KT00006,""
KT00007,""
KT00008,""
KT00010,""
KT00013,""
KT00014,""
KT00015,""
KT00017,""
KT00018,""
KT00019,""
KT00020,""
KT00021,""
KT00022,""
KU00001,""
KU00002,""
KU00003,""
KU00004,""
KU00005,""
KU00007,""
KU00009,""
KU00010,""
KU00011,""
KU00012,""
KU00013,""
KU00014,""
KU00015,""
KU00016,""
KU00018,""
KU00020,""
KU00021,""
KU00023,""
KU00024,""
KU00025,""
KU00026,""
KU00027,""
KU00028,""
KU00032,""
KU00034,""
KU00035,""
KU00036,""
KU00037,""
KU00039,""
KU00040,""
KU00041,""
KU00042,""
KU00043,""
KU00044,""
KU00045,""
KU00047,""
KU00061,""
KU00066,""
KU00067,""
KU00068,""
KU00085,""
KU00086,""
KU00087,""
KU00088,""
KU00089,""
KU00099,""
KU00100,""
KU00101,""
KU00102,""
KU00103,""
KU00105,""
KU00106,""
KU00107,""
KU00109,""
KU00110,""
KU01000,""
KU01001,""
KU01002,""
KU01003,""
KU01004,""
KU01005,""
KU02001,""
KU02002,""
KU02003,""
KU02004,""
KU02005,""
KU02006,""
KU02007,""
KU02008,""
KU02009,""
KU02010,""
KU02011,""
KU02013,""
KU02014,""
KV02101,""
KV02102,""
KV02103,""
KV02104,""
KV02105,""
KV02106,""
KV02201,""
KV02202,""
KV02203,""
KV02204,""
KV02205,""
KV02206,""
KV02208,""
KV02404,""
KV02501,""
KV02502,""
KV02503,""
KV02504,""
KV02505,""
KV02506,""
KV02507,""
KV02508,""
KV02509,""
KV02510,""
KV02511,""
KV02512,""
KV02513,""
KV02514,""
KV02515,""
KV02516,""
KV03001,""
KV03002,""
KV03003,""
KV03004,""
KV03005,""
KV03006,""
KV09017,""
KV09018,""
KV09019,""
KV09020,""
KV09021,""
KV09022,""
KV09023,""
KV09024,""
GA00101,""
GA00102,""
GA00201,""
GA00202,""
GA00204,""
GA00205,""
GA00206,""
GA00207,""
GA00208,""
GA00209,""
GA00210,""
GA00301,""
GA00401,""
GA00501,""
GA00502,""
GA00601,""
GA00606,""
GA00607,""
GA00701,""
GA00702,""
GA00703,""
GA00704,""
GA00705,""
GA00706,""
GB00101,""
GB00102,""
GB00103,""
GB00104,""
GB00105,""
GB00106,""
GB00107,""
GB00108,""
GB00109,""
GB00110,""
GB00111,""
GB00112,""
GB00113,""
GB00114,""
GB00115,""
GB00116,""
GB00117,""
GB00118,""
GB00119,""
GB00120,""
GB00121,""
GB00122,""
GB00123,""
GB00201,""
GB00202,""
GB00203,""
GB00204,""
GB00205,""
GB00206,""
GB00301,""
GB00302,""
GB00303,""
GB00401,""
GB00402,""
GB00403,""
GB00404,""
GB00405,""
GB00406,""
GB00407,""
GB00408,""
GB00409,""
GD00101,""
GD00102,""
GD00103,""
GD00104,""
GD00105,""
GD00106,""
GD00107,""
GD00108,""
GD00109,""
GD00110,""
GD00111,""
GD00301,""
GD00302,""
GD00303,""
GD00304,""
GD00305,""
GD00401,""
GD00402,""
GD00501,""
GD00601,""
GD00602,""
GD00603,""
GD00604,""
GD00605,""
GD00606,""
GD00607,""
GD00701,""
GD00801,""
GD00802,""
GD00803,""
GD00804,""
GD00805,""
GD00806,""
GD00807,""
GD00808,""
GD00809,""
GD00810,""
GD00812,""
GD00813,""
GD00814,""
GD00815,""
GD00816,""
GD00817,""
GD00818,""
GD00819,""
GD00901,""
GD00902,""
GD00903,""
GD00904,""
GD00905,""
GD00906,""
GD00907,""
GD00908,""
GD00909,""
GD00910,""
GD00911,""
GD00912,""
GD00913,""
GD00914,""
GD00915,""
GD00916,""
GD00917,""
GD00918,""
GD00919,""
GD00920,""
GD00921,""
GD00922,""
GD00923,""
GD00924,""
GD00925,""
GD00926,""
GD00927,""
GD00928,""
GD00929,""
GD00930,""
GD00931,""
GD00932,""
GD00933,""
GD00934,""
GD00935,""
GD00936,""
GD00937,""
GD00938,""
GD00939,""
GD00940,""
GD00941,""
GD00942,""
GD00943,""
GD00944,""
GD00945,""
GD00946,""
GD00947,""
GD00948,""
GD00949,""
GD00950,""
GD00951,""
GD00952,""
GD00953,""
GD00954,""
GD00955,""
GD00956,""
GD00957,""
GD00958,""
GD00959,""
GD00960,""
GD00961,""
GD00962,""
GD00963,""
GD00964,""
GD00965,""
GD00966,""
GE00001,""
GE00002,""
GE00003,""
GE00101,""
GE00102,""
GF00101,""
GF00102,""
GF00103,""
GF00104,""
GF00105,""
GF00106,""
GF00107,""
GF00108,""
GF00109,""
GF00110,""
GF00111,""
GF00112,""
GF00113,""
GF00114,""
GF00115,""
GF00116,""
GF00117,""
GF00118,""
GF00119,""
GF00120,""
GF00121,""
GF00122,""
GF00123,""
GF00124,""
GF00125,""
GF00126,""
GF00127,""
GF00128,""
GF00129,""
GF00130,""
GF00131,""
GF00132,""
GF00133,""
GF00134,""
GF00135,""
GF00136,""
GF00137,""
GF00138,""
GF00139,""
GF00140,""
GF00141,""
GF00142,""
GF00143,""
GF00144,""
GF00145,""
GF00146,""
GF00147,""
GF00148,""
GF00149,""
GF00150,""
GF00151,""
GF00152,""
GF00153,""
GF00154,""
GF00155,""
GF00156,""
GF00157,""
GF00158,""
GF00159,""
GF00160,""
GF00161,""
GF00162,""
GF00163,""
GF00164,""
GF00165,""
GF00166,""
GF00167,""
GF00168,""
GF00185,""
GF00186,""
GF00187,""
GF00188,""
GF00189,""
GF00190,""
KA10001,""
KA10002,""
KA10003,""
KA10004,""
KA10005,""
KA10006,""
KA10007,""
KA10008,""
KA10009,""
KA10010,""
KA10011,""
KA10012,""
KA10013,""
KA10014,""
KA10015,""
KA10016,""
KA10017,""
KA10018,""
KA10019,""
KA10020,""
KA10021,""
KA10022,""
KA10023,""
KA10024,""
KA10025,""
KA10026,""
KA10027,""
KA10028,""
KA10029,""
KA10030,""
KA10031,""
KA10032,""
KA10033,""
KA10034,""
KA10035,""
KA10036,""
KA10037,""
KA10038,""
KA10039,""
KA10040,""
KA10041,""
KA10042,""
KA10043,""
KA10044,""
KA10045,""
KA10046,""
KA10047,""
KA10048,""
KA10049,""
KA10050,""
KA10051,""
KA10052,""
KA10053,""
KA10054,""
KA10055,""
KA10056,""
KA10057,""
KA10058,""
KA10059,""
KA10060,""
KA10061,""
KA10062,""
KA10063,""
KA10064,""
KA10066,""
KA10067,""
KA10068,""
KA10069,""
KA10070,""
KA10071,""
KA10072,""
KA10075,""
KA10076,""
KA10077,""
KA10078,""
KA10079,""
KA10080,""
KA10081,""
KA10082,""
KA10083,""
KA10084,""
KA10085,""
KA10086,""
KA10087,""
KA10088,""
KA10089,""
KA10090,""
KA10091,""
KA10092,""
KA10093,""
KA10094,""
KA10095,""
KA10096,""
KA10097,""
KK10001,""
KK10002,""
KK10003,""
KK10005,""
KK10006,""
KK10007,""
KK10008,""
KK10009,""
KK10010,""
KK10011,""
KK10012,""
KK10013,""
KK10014,""
KK10015,""
KK10016,""
KK10017,""
KK10018,""
KK10019,""
KQ10001,""
KQ10002,""
KQ10003,""
KQ10004,""
KQ10005,""
KQ10006,""
KQ10007,""
KQ10008,""
KQ10009,""
KQ10010,""
KQ10011,""
KQ10012,""
KQ10013,""
KQ10014,""
KQ10015,""
KQ10016,""
KQ10017,""
KQ10018,""
KQ10019,""
KQ10020,""
KQ10021,""
KQ10022,""
KQ10023,""
KQ10024,""
KQ10025,""
KQ10026,""
KQ10027,""
KQ10028,""
KQ10029,""
KQ10030,""
KQ10031,""
KQ10032,""
KQ10033,""
KQ10034,""
KQ10035,""
KQ10036,""
KQ10037,""
KQ10038,""
KQ10039,""
KQ10040,""
KQ10041,""
KQ10042,""
KQ10043,""
KQ10044,""
KQ10045,""
KQ10046,""
KQ10047,""
KQ10048,""
KQ10049,""
KQ10050,""
KQ10051,""
KQ10052,""
KQ10053,""
KQ10054,""
KQ10055,""
KQ10056,""
KQ10057,""
KQ10058,""
KQ10059,""
KQ10060,""
KQ10061,""
KQ10062,""
KQ10063,""
KQ10064,""
KQ10065,""
KQ10066,""
KQ10067,""
KQ10068,""
KQ10069,""
KQ10070,""
KQ10071,""
KQ10072,""
KQ10073,""
KQ10074,""
KQ10075,""
KQ10076,""
KQ10077,""
KQ10078,""
KQ10079,""
KQ10080,""
KQ10081,""
KQ10082,""
KQ10083,""
KQ10084,""
KQ10085,""
KQ10086,""
KQ10087,""
KQ10088,""
KQ10089,""
KQ10090,""
KQ10091,""
KQ10092,""
KQ10093,""
KQ10094,""
KQ10095,""
KQ10096,""
KQ10097,""
KQ10098,""
KQ10099,""
KQ10100,""
KQ10101,""
KQ10102,""
KQ10103,""
KQ10104,""
KQ10105,""
KQ10106,""
KQ10107,""
KQ10108,""
KQ10109,""
KQ10110,""
KQ10111,""
KQ10112,""
KQ10113,""
KQ10114,""
KQ10115,""
KQ10116,""
KQ10117,""
KQ10118,""
KQ10119,""
KQ10120,""
KQ10121,""
KQ10122,""
KQ10123,""
KQ10124,""
KQ10125,""
KQ10126,""
KQ10127,""
KQ10128,""
KQ10129,""
KQ10130,""
KQ10131,""
KQ10132,""
KR10001,""
KR10002,""
KR10003,""
KR10004,""
KR10005,""
KR10006,""
KR10007,""
KR10008,""
KR10009,""
KR10010,""
KR10011,""
KR10012,""
KR10013,""
KR10014,""
KR10015,""
KR10016,""
KR10017,""
KR10018,""
KR10019,""
KR10020,""
KR10021,""
KR10022,""
KR10023,""
KR10024,""
KR10025,""
KS10001,""
KS10002,""
KU10001,""
KU10002,""
KU10003,""
KU10004,""
KU10005,""
KU10006,""
KU10007,""
KU10008,""
KU10009,""
KU10010,""
KU10011,""
KU10012,""
KU10013,""
KU10014,""
KU10015,""
KU10016,""
KU10017,""
KU10018,""
KU10019,""
KU10020,""
KU10021,""
KU10022,""
KU10023,""
KU10024,""
KU10025,""
KU10026,""
KU10027,""
KU10028,""
KU10029,""
KU10030,""
KU10031,""
KU10032,""
KU10033,""
KU10034,""
KU10035,""
KU10036,""
KU10037,""
KU10038,""
KU10039,""
KU10040,""
KU10041,""
KU10042,""
KU10043,""
KU10044,""
KU10045,""
KU10046,""
KU10047,""
KU10048,""
KU10049,""
KU10050,""
KU10051,""
KU10052,""
KU10053,""
KU10054,""
KU10055,""
KU10056,""
KU10057,""
KU10058,""
KU10059,""
KU10060,""
KU10061,""
KU10062,""
KU10063,""
KU10064,""
KU10065,""
KU10066,""
KU10067,""
KU10068,""
KU10069,""
KU10070,""
KU10071,""
KU10072,""
KU10073,""
KU10074,""
KU10075,""
KU10076,""
KU10077,""
KU10078,""
KU10079,""
KU10080,""
KU10081,""
KU10082,""
KU10083,""
KU10084,""
KU10085,""
KU10086,""
KU10087,""
KU10088,""
KU10089,""
KU10090,""
KU10091,""
KU10092,""
KU10093,""
KU10094,""
KU10095,""
KU10096,""
KU10097,""
KU10098,""
KU10099,""
KU10100,""
KU10101,""
KU10102,""
KU10103,""
KU10104,""
KV10001,""
KV10002,""
KV10003,""
KV10004,""
KV10005,""
KV10006,""
KV10007,""
KV10008,""
KV10009,""
KV10010,""
KV10011,""
KW10001,""
KW10002,""
KW10003,""
KZ10001,""
KZ10002,""
KZ10003,""
KZ10004,""
ZZ22001,""
ZZ22002,""
ZZ22003,""
ZZ22004,""
ZZ22005,""
ZZ22006,""
ZZ22007,""
ZZ22008,""
ZZ22009,""
ZZ22010,""
ZZ22011,""
ZZ22012,""
ZZ22013,""
ZZ22014,""
ZZ22015,""
ZZ22016,""
ZZ22017,""
ZZ22018,""
ZZ22019,""
ZZ22020,""
ZZ22021,""
ZZ22022,""
ZZ22023,""
ZZ22024,""
ZZ22025,""
ZZ22026,""
AA20019,""
AA20020,""
AA20022,""
AA20023,""
AA20028,""
AA20029,""
AA20030,""
AA20031,""
AA20032,""
AA20033,""
AA20034,""
AA20035,""
AA20038,""
AA20039,""
AA20040,""
AA20041,""
AA20042,""
AA20043,""
AA20044,""
AA20045,""
AA20046,""
AA20047,""
AA20048,""
AA20049,""
AA20050,""
AA20051,""
AA20052,""
AA20053,""
AB20001,""
AD20003,""
AD20135,""
AD20136,""
AD20137,""
AD20138,""
AD20139,""
AD20140,""
AD20141,""
AD20142,""
AD20143,""
AD20144,""
AD20145,""
AD20146,""
AD20147,""
AD20148,""
AD20149,""
AD20150,""
AD20151,""
AD20152,""
AD20153,""
AD20154,""
AE20600,""
AE20601,""
AE20602,""
AE20603,""
AE20604,""
AE20606,""
AE20607,""
AE20608,""
AE20609,""
AE20610,""
AE20611,""
AE20612,""
AE20613,""
AE20614,""
AE20615,""
AE20617,""
AE20618,""
AE20619,""
AE21001,""
AE21003,""
AE21004,""
AE21200,""
AE21201,""
AE21202,""
AE21203,""
AE21204,""
AE21500,""
AE21501,""
AE21502,""
AE21503,""
AE21801,""
AE21802,""
AE21803,""
AE21804,""
AE21805,""
AE21901,""
AE21902,""
AE21903,""
AE21904,""
AE21905,""
AE21906,""
AE21907,""
AE21908,""
AE21909,""
AE22000,""
AE22001,""
AE22002,""
AE22003,""
AE22004,""
AE22005,""
AE22007,""
AE22008,""
AE22009,""
AE22011,""
AE22012,""
AE22053,""
AE22054,""
AE22055,""
AE22056,""
AE22057,""
AE22058,""
AE22059,""
AE22060,""
AE22061,""
AE22062,""
AF20001,""
AF20002,""
AF20003,""
AF20004,""
AF20005,""
AF20006,""
AF20007,""
AF20008,""
AF20009,""
AF20010,""
AG20001,""
AG20002,""
AG20003,""
AG20004,""
AG20005,""
AG20006,""
AG20008,""
AG20009,""
AG20010,""
AG20011,""
AG20012,""
AG20013,""
AG20014,""
AG20015,""
AG20016,""
AG20017,""
AG20018,""
AG20019,""
AG20020,""
KQ20006,""
KQ20007,""
KQ20008,""
KQ20009,""
KQ20010,""
KQ20011,""
KQ20012,""
KQ20013,""
KQ20014,""
KQ20015,""
KQ20016,""
KQ20017,""
KQ20018,""
KQ20019,""
KQ20020,""
KQ20021,""
KQ20022,""
KQ20023,""
KQ20024,""
KQ20025,""
KQ20026,""
KQ20027,""
KQ20028,""
KQ20029,""
KQ20030,""
KQ20031,""
KQ20032,""
KQ20033,""
KQ20034,""
KQ20035,""
KQ20036,""
KQ20037,""
KQ20038,""
KQ20039,""
KQ20040,""
KQ20041,""
KQ20042,""
KQ20043,""
KQ20044,""
KQ20045,""
KQ20046,""
KQ20047,""
KQ20048,""
KQ20049,""
KQ20050,""
KQ20051,""
KQ20052,""
KQ20053,""
KU20001,""
KU20002,""
KU20003,""
KU20004,""
KU20005,""
KU20006,""
KU20007,""
KU20008,""
KU20009,""
KU20010,""
KU20011,""
KU20012,""
KU20013,""
KU20014,""
KU20015,""
KU20016,""
KU20017,""
KU20018,""
KU20019,""
KU20020,""
KU20021,""
KU20022,""
KU20023,""
KU20024,""
KU20025,""
KU20026,""
KU20027,""
KU20028,""
KU20029,""
KU20030,""
KU20031,""
KU20032,""
KU20033,""
KU20034,""
KU20035,""
KU20036,""
KU20037,""
KU20038,""
KU20039,""
KF20001,""
KF20002,""
KF20003,""
KF20004,""
KF20005,""
KF20006,""
KF20007,""
KF20008,""
KF20009,""
KF20010,""
KF20011,""
KF20012,""
KF20013,""
KF20014,""
KF20015,""
KF20016,""
KF20017,""
KF20018,""
KF20019,""
KF20020,""
KF20021,""
KF20022,""
KF20023,""
KF20024,""
KF20025,""
KF20026,""
KF20027,""
KF20028,""
KF20029,""
KF20030,""
KF20031,""
KF20032,""
KF20033,""
KF20034,""
KF20035,""
KF20036,""
KF20037,""
KF20038,""
KT20001,""
KT20002,""
KT20003,""
KT20004,""
KT20005,""
KT20006,""
KT20007,""
KT20008,""
KT20009,""
KT20010,""
KT20011,""
KT20012,""
KT20013,""
KT20014,""
KT20015,""
KT20016,""
KT20017,""
KT20018,""
KT20019,""
KT20020,""
KT20021,""
KR20001,""
KR20002,""
KR20003,""
KR20004,""
KR20005,""
KA20001,""
KA20002,""
KA20003,""
KA20004,""
KA20005,""
KA20006,""
KA20007,""
KA20008,""
KA20009,""
KP20001,""
KP20002,""
KP20003,""
KP20004,""
KP20005,""
KP20006,""
KP20007,""
KP20008,""
KP20009,""
KP20010,""
KP20011,""
KP20013,""
KP20014,""
KP20015,""
KP20016,""
KP20017,""
KP20018,""
KP20019,""
KP20020,""
KP20021,""
KP20022,""
KP20023,""
KY20001,""
KY20002,""
KY20003,""
KY20004,""
KY20005,""
KY20006,""
KY20007,""
KY20008,""
KY20009,""
KY20011,""
KY20012,""
KA20010,""
KA20011,""
KA20012,""
KA20013,""
KA20014,""
KA20015,""
KA20016,""
KA20017,""
KA20018,""
KA20019,""
KA20020,""
KA20021,""
KA20022,""
KA20023,""
KA20024,""
KA20025,""
KA20026,""
KA20027,""
KA20028,""
KA20029,""
KA20030,""
KA20031,""
KA20032,""
KA20033,""
AA20036,""
AA20037,""
AA20021,""
AA20024,""
AA20025,""
AA20027,""
AA20026,""
AA20002,""
AA20003,""
AA20004,""
AA20005,""
AA20006,""
AA20007,""
AA20008,""
AA20009,""
AA20013,""
AA20010,""
AA20011,""
AA22001,""
KF22000,""
KF22001,""
KQ22001,""
KU22001,""
KU22002,""
KU22003,""
CA22001,""
KR22001,""
BA22001,""
BA22002,""
BA22003,""
BA22004,""
BA22005,""
BA22006,""
KR22002,""
KR22003,""
KR22004,""
KR22005,""
KR22006,""
KV22001,""
KV22002,""
KV22003,""
KV22004,""
KV22005,""
KV22006,""
KV22007,""
KV22008,""
KV22009,""
KV22010,""
KV22011,""
KV22012,""
KV22013,""
KV22014,""
KV22015,""
KV22016,""
KV22017,""
KV22018,""
KV22019,""
KV22020,""
KV22021,""
KV22022,""
KV22023,""
KV22024,""
KV22025,""
KV22026,""
KV22027,""
KV22028,""
KV22029,""
KV22030,""
KV22031,""
KV22032,""
KV22033,""
KV22034,""
KV22035,""
KV22036,""
KV22037,""
KV22038,""
KV22039,""
KV22040,""
KV22041,""
KV22042,""
KV22043,""
KV22044,""
KV22045,""
KV22046,""
KV22047,""
KV22048,""
KV22049,""
KV22050,""
KV22051,""
KV22052,""
KV22053,""
KV22054,""
KV22055,""
KV22056,""
KV22057,""
KV22058,""
KV22059,""
KV22060,""
KV22061,""
KV22062,""
KV22063,""
KV22064,""
KV22065,""
KV22066,""
KV22067,""
KV22068,""
KV22069,""
KV22070,""
KV22071,""
KV22072,""
KV22073,""
KV22074,""
KV22075,""
KV22076,""
BA20001,""
BA20002,""
BA20003,""
BB20001,""
BB20002,""
BB20003,""
BB20004,""
BB20005,""
BB20006,""
BB20007,""
BC20001,""
BC20002,""
BC20003,""
BC20004,""
BC20005,""
BC20006,""
BC20007,""
BC20008,""
BC20009,""
BC20010,""
BC20011,""
BC22001,""
BC22002,""
BC22003,""
BD20001,""
BE20001,""
BE20002,""
BE20003,""
BE20004,""
BZ20001,""
CA20001,""
CA20002,""
CA20003,""
CD20001,""
CD20002,""
CD20003,""
CD20004,""
CD20005,""
CD20006,""
CD20007,""
CD20008,""
CD20009,""
CD20010,""
CD20011,""
CD20012,""
CD20013,""
CD20014,""
CD20015,""
CD20016,""
CD20017,""
CD20018,""
CD20019,""
CD20020,""
CD20021,""
CD20022,""
CD20023,""
CD20024,""
AK20001,""
AK20002,""
AS00001,""
AS00002,""
AS00003,""
AS00004,""
AS00005,""
AS00006,""
AS00007,""
AS00008,""
AS00009,""
AS00010,""
AS00011,""
AS00012,""
AS00013,""
AS00014,""
AS00015,""
AS00016,""
AS00017,""
AS00018,""
AS00019,""
AS00020,""
AS00021,""
AS00022,""
AS00023,""
AS00024,""
AS00025,""
AS00026,""
AS00027,""
AS00028,""
AS00029,""
AS00030,""
AS00031,""
AS00032,""
AS00033,""
AS00034,""
AS00035,""
AS00036,""
AS00037,""
AS00038,""
AS00039,""
AS00040,""
AS00041,""
AS00042,""
AS00043,""
AS00044,""
AS00045,""
AS00046,""
AS00047,""
AS00048,""
AS00049,""
AS00050,""
AS00051,""
AS00052,""
AS00053,""
AS00054,""
AS00055,""
AS00056,""
AS00057,""
AS00058,""
AS00059,""
AS00060,""
AS00061,""
AS00062,""
AS00063,""
AS00064,""
AS00065,""
AS00066,""
AS00067,""
AS00068,""
AS00069,""
AS00070,""
AS00071,""
AS00072,""
AS00073,""
AS00074,""
AS00075,""
AS00076,""
AS00077,""
AS00078,""
AS00079,""
AS00080,""
AS00081,""
AS00082,""
AS00083,""
AS00086,""
AS00087,""
AS00088,""
AS00089,""
AS00090,""
AS00091,""
AS00092,""
AS00093,""
AS00094,""
AS00095,""
AS00096,""
AS00097,""
AS00098,""
AS00099,""
AS00100,""
AS00101,""
AS00102,""
AS00103,""
AS00104,""
AS00105,""
AS00106,""
AS00107,""
AS00108,""
AS00109,""
AS00110,""
AS00111,""
AS00112,""
AS00113,""
AS00114,""
AS00115,""
AS00116,""
AS00117,""
AS00118,""
AS00119,""
AS00120,""
AS00121,""
AS00122,""
AS00123,""
AS00124,""
AS00125,""
AS00127,""
ZZ01001,""
ZZ01002,""
ZZ01003,""
ZZ01004,""
ZZ01005,""
ZZ01006,""
ZZ01007,""
ZZ01008,""
ZZ01101,""
ZZ01102,""
ZZ01103,""
ZZ01104,""
ZZ01105,""
ZZ01106,""
ZZ01107,""
ZZ01108,""
ZZ01110,""
ZZ01111,""
ZZ01112,""
ZZ01113,""
ZZ01114,""
ZZ01115,""
ZZ01116,""
ZZ01117,""
ZZ01118,""
ZZ01119,""
ZZ01120,""
ZZ02011,""
ZZ02012,""
ZZ02013,""
ZZ02014,""
ZZ02015,""
ZZ02021,""
ZZ02022,""
ZZ02023,""
ZZ02024,""
ZZ02025,""
ZZ02026,""
ZZ02027,""
ZZ02028,""
ZZ02029,""
ZZ02031,""
ZZ05001,""
ZZ05002,""
ZZ05004,""
ZZ05005,""
ZZ05006,""
ZZ05007,""
ZZ05008,""
ZZ05009,""
ZZ05010,""
ZZ05101,""
ZZ05102,""
ZZ05103,""
ZZ05104,""
ZZ05105,""
ZZ05106,""
ZZ05107,""
ZZ05108,""
ZZ05109,""
ZZ06001,""
ZZ06002,""
ZZ07001,""
ZZ07002,""
ZZ07003,""
ZZ07004,""
ZZ07005,""
ZZ07006,""
ZZ07007,""
ZZ07008,""
ZZ07009,""
ZZ07010,""
ZZ07011,""
ZZ07012,""
ZZ07013,""
ZZ07014,""
ZZ07015,""
ZZ07016,""
ZZ09001,""
ZZ09002,""
ZZ09003,""
ZZ09004,""
ZZ09006,""
ZZ09007,""
ZZ09008,""
ZZ09009,""
ZZ09010,""
ZZ09011,""
ZZ09012,""
ZZ09013,""
ZZ09014,""
ZZ09015,""
ZZ09016,""
ZZ09020,""
ZZ09021,""
ZZ09022,""
ZZ09023,""
ZZ09024,""
ZZ09025,""
ZZ09026,""
ZZ09027,""
ZZ09028,""
ZZ09029,""
ZZ09030,""
ZZ09031,""
ZZ09032,""
ZZ09033,""
ZZ09034,""
ZZ09035,""
ZZ09036,""
ZZ11001,""
ZZ11002,""
ZZ11003,""
ZZ11004,""
ZZ11005,""
ZZ11006,""
ZZ11007,""
ZZ11008,""
ZZ11009,""
ZZ11010,""
ZZ12001,""
ZZ12002,""
ZZ12003,""
ZZ12004,""
AA23001,""
AA23002,""
AA23003,""
AA23004,""
AA23005,""
AA23006,""
AA23007,""
AA23008,""
AA23009,""
AA23010,""
AA20201,""
KU20040,""
KU20041,""
KU20042,""
KU20043,""
KU20044,""
KU20046,""
KU20047,""
KU20048,""
KU20049,""
KU20050,""
KU20051,""
KU20052,""
KU20053,""
KU20054,""
KU20055,""
KU20056,""
KU20057,""
KU20058,""
KU20059,""
KU20060,""
KU20061,""
KU20062,""
KU20063,""
KU20064,""
KU20065,""
KU20066,""
KU20067,""
KU20068,""
KU20069,""
KU20070,""
KU20071,""
KU20072,""
KU20073,""
KU20074,""
KU20075,""
KU20076,""
KU20077,""
KU20078,""
KU20079,""
KU20080,""
KU20081,""
KU20082,""
KU20083,""
KU20084,""
KU20085,""
KU20086,""
KU20087,""
KU20088,""
KU20089,""
KU20090,""
KU20091,""
KU20092,""
KU20093,""
KU20094,""
KU20095,""
KU20096,""
KU20097,""
KU20098,""
KU20099,""
KU20100,""
AH60009,""
AH60006,""
AH60007,""
AH60008,""
ZZ20001,""
AH50812,""
AH50813,""
AH50814,""
KU20101,""
KU20102,""
KU20103,""
KU20104,""
KU20105,""
KU20106,""
AH60010,""
AH60011,""
KU02015,""
ZZ13001,""
ZZ13002,""
AA02011,""
CC00023,""
AA20054,""
KA20034,""
KA20035,""
KA20036,""
KA20037,""
KA20038,""
KA20039,""
KA20040,""
KF20039,""
KF20040,""
KF20041,""
KF20042,""
KF20043,""
KF20044,""
KF20045,""
KQ20054,""
KQ20055,""
KQ20056,""
KQ20057,""
KQ20058,""
KQ20059,""
KQ20060,""
KQ20061,""
KQ20062,""
KQ20063,""
KQ20064,""
KQ20065,""
KQ20066,""
KQ20067,""
KQ20068,""
KQ20069,""
KQ20070,""
KQ20071,""
KQ20072,""
KQ20073,""
KQ20074,""
KQ20075,""
KQ20076,""
KQ20077,""
KQ20078,""
KQ20079,""
KQ20080,""
KQ20081,""
KQ20082,""
KQ20083,""
KQ20084,""
KQ20085,""
KQ20086,""
KQ20087,""
KQ20088,""
KQ20089,""
KQ20090,""
KQ20091,""
KQ20092,""
KQ20093,""
KQ20094,""
KQ20095,""
KQ20096,""
KQ20097,""
KQ20098,""
KQ20099,""
KQ20100,""
KQ20101,""
KQ20102,""
KQ20103,""
KQ20104,""
KQ20105,""
KQ20106,""
KQ20107,""
KQ20108,""
KQ20109,""
KQ20110,""
KQ20111,""
KQ20112,""
KQ20113,""
KQ20114,""
KQ20115,""
KQ20116,""
KQ20117,""
KQ20118,""
KQ20119,""
KQ20120,""
KQ20121,""
KQ20122,""
KQ20123,""
KQ20124,""
KQ20125,""
KQ20126,""
KQ20127,""
KQ20128,""
KQ20129,""
KQ20130,""
KQ20131,""
KQ20132,""
KQ20133,""
KQ20134,""
KQ20135,""
KQ20136,""
KQ20137,""
KQ20138,""
KQ20139,""
KQ20140,""
KQ20141,""
KQ20142,""
KQ20143,""
KQ20144,""
KQ20146,""
KQ20147,""
KQ20148,""
KQ20149,""
KQ20150,""
KQ20151,""
KQ20152,""
KQ20153,""
KQ20154,""
KQ20155,""
KQ20156,""
KQ20157,""
KQ20158,""
KQ20159,""
KQ20160,""
KQ20161,""
KQ20162,""
KQ20163,""
KQ20164,""
KQ20165,""
KQ20166,""
KQ20167,""
KQ20168,""
KQ20169,""
KQ20170,""
KQ20171,""
KQ20172,""
KQ20173,""
KQ20174,""
KQ20175,""
KQ20176,""
KQ20177,""
KQ20178,""
KQ20179,""
KQ20180,""
KQ20181,""
KQ20182,""
KQ20183,""
KQ20184,""
KQ20185,""
KQ20186,""
KQ20187,""
KQ20188,""
KQ20189,""
KQ20190,""
KQ20191,""
KQ20192,""
KQ20193,""
KQ20194,""
KR20006,""
KR20007,""
KR20008,""
KR20009,""
KR20010,""
KR20011,""
KR20012,""
KR20013,""
KR20014,""
KR20015,""
KR20016,""
KU20108,""
ZZ22027,""
ZZ22028,""
ZZ22029,""
ZZ22030,""
ZZ22031,""
ZZ22032,""
ZZ22033,""
KQ00317,""
KQ00318,""
KV09025,""
KV09026,""
KV09027,""
AF00153,""
AF00154,""
AF00155,""
AE05051,""
AE05052,""
AE05053,""
AE05054,""
AE05055,""
AE05056,""
DC00103,""
GA00211,""
GA00212,""
GA00213,""
GA00214,""
GA00215,""
GA00216,""
GA00217,""
GA00901,""
GA00902,""
GA00903,""
GB00410,""
GB00411,""
GD00967,""
GD00968,""
GD00969,""
GD00970,""
GD00971,""
GD00972,""
GD00973,""
GD00974,""
GD00975,""
GD00976,""
GD00977,""
GD00978,""
GD00979,""
GD00980,""
GD00981,""
GD00982,""
GF00169,""
GF00170,""
GF00171,""
GF00172,""
GF00173,""
GF00174,""
GF00175,""
GF00176,""
GF00177,""
GF00178,""
GF00179,""
GF00180,""
GF00181,""
GF00182,""
GF00183,""
GF00184,""
AC00225,""
AC00226,""
AC00227,""
AC00228,""
AC00229,""
AC00231,""
AC00232,""
AC00233,""
AC00234,""
AA00175,""
KQ00319,""
KQ00320,""
KQ00321,""
KQ00322,""
KQ00323,""
KQ00324,""
KQ00325,""
KQ00326,""
KQ00327,""
KQ00328,""
KQ00329,""
KQ00330,""
KQ00331,""
KQ00333,""
KU02016,""
AB00051,""
AB00052,""
KQ00334,""
ZZ22034,""
ZZ22035,""
ZZ22036,""
ZZ22037,""
ZZ22038,""
ZZ22039,""
ZZ22040,""
ZZ22041,""
ZZ22042,""
AA22055,""
AA22056,""
AA22057,""
AA22058,""
AA22059,""
AA22060,""
AA22061,""
AA22062,""
AA22063,""
AB20400,""
AB20401,""
AB20402,""
AB20403,""
AB20404,""
AB20406,""
AB20407,""
AB20409,""
AB20412,""
AB20413,""
AB20414,""
AB20415,""
AB20418,""
AB20421,""
AC20200,""
AC20201,""
AC20202,""
AC20203,""
AC20204,""
AD20100,""
AD20101,""
AD20102,""
AD20103,""
AD20104,""
AD20105,""
AD20106,""
AD20109,""
AD20110,""
AD20111,""
AD20112,""
AD20113,""
ZZ20002,""
ZZ20003,""
ZZ20004,""
ZZ20005,""
AA90010,""
AA00200,""
KA00124,""
AZ00036,""
AZ00037,""
AZ00038,""
AZ00039,""
AZ00040,""
AA02012,""
AA02013,""
AA02014,""
KA00126,""
KA00127,""
AE22051,""
ZZ99001,""
AA00176,""
AA00177,""
BA90006,""
CA20004,""
AE22014,""
AE22015,""
AE22016,""
AE00165,""
AE05060,""
AE05061,""
AE05058,""
AD00114,""
AD00115,""
AE00170,""
AE00166,""
AE00167,""
AE00168,""
AE00169,""
AG20021,""
AG20022,""
AH60015,""
AF00170,""
AA00190,""
AC00235,""
AC00236,""
AC00237,""
KQ20195,""
KQ20196,""
KQ20197,""
KQ20198,""
KQ20199,""
KQ20200,""
KQ20201,""
KQ20202,""
KQ20203,""
KQ20204,""
KQ20205,""
KQ20206,""
KQ20207,""
KQ20208,""
KQ20209,""
KQ20210,""
KQ20211,""
KQ20212,""
KQ20213,""
KQ20214,""
KQ20215,""
KQ20216,""
KQ20217,""
KQ20218,""
KQ20219,""
KF20046,""
KF20047,""
KF20048,""
KF20049,""
KF20050,""
KU20109,""
KU20110,""
KU20111,""
KU20112,""
KU20113,""
KU20114,""
KU20201,""
ZZ20006,""
ZZ20007,""
ZZ20008,""
ZZ20009,""
ZZ20010,""
ZZ20011,""
ZZ20012,""
ZZ20013,""
ZZ20014,""
ZZ20015,""
ZZ20016,""
ZZ20017,""
ZZ20018,""
ZZ20019,""
ZZ20020,""
ZZ20021,""
ZZ20022,""
ZZ20023,""
ZZ20024,""
ZZ20025,""
ZZ20026,""
ZZ20027,""
ZZ20028,""
ZZ20029,""
ZZ20030,""
ZZ20031,""
ZZ20032,""
ZZ20033,""
ZZ20034,""
ZZ20035,""
ZZ20036,""
ZZ20037,""
ZZ20038,""
ZZ20039,""
ZZ20040,""
ZZ20041,""
ZZ20042,""
ZZ20043,""
ZZ20044,""
ZZ20045,""
ZZ20046,""
ZZ20047,""
ZZ20048,""
ZZ20049,""
ZZ20050,""
ZZ20051,""
ZZ20052,""
ZZ20053,""
ZZ20054,""
ZZ20055,""
ZZ20056,""
ZZ20057,""
ZZ20058,""
ZZ20059,""
ZZ20060,""
ZZ20061,""
ZZ20062,""
ZZ20063,""
ZZ20064,""
KU20115,""
KU20116,""
KU20117,""
KU20118,""
KU20119,""
KU20120,""
KU20121,""
KU20122,""
KU20123,""
KU20124,""
KU20125,""
KU20126,""
KU20127,""
KU20128,""
KU20129,""
KU20130,""
KU20131,""
KU20132,""
KU20133,""
KU20134,""
KU20135,""
AB20424,""
AD20114,""
AD20301,""
AD20302,""
AD20303,""
AD20307,""
AD20309,""
AD20310,""
AD20311,""
AD20380,""
AD20381,""
AD20382,""
AD20383,""
AD20384,""
AD20385,""
AD20386,""
AD20387,""
AD20331,""
AD20308,""
AD20305,""
AD20306,""
AD20350,""
AD20351,""
AD20352,""
AD20353,""
AD20354,""
AD20355,""
AD20356,""
AD20357,""
AD20358,""
AD20359,""
AD20360,""
AD20361,""
AD20362,""
AD20363,""
AD20364,""
AD20365,""
AD20366,""
AD20367,""
AD20368,""
AD20369,""
AD20370,""
AB2040099,""
AC20205,""
AD20330,""
AD20115,""
AD20332,""
AD20333,""
AD20334,""
AD20335,""
AD20336,""
AD20337,""
AD20338,""
AD20339,""
AB20419,""
AC20206,""
AC20207,""
AD20116,""
CD00117,""
KA20901,""
AF20901,""
AF20902,""
AF20903,""
AF20904,""
AF20905,""
AF20906,""
BA20501,""
BA20502,""
BA20503,""
BA20504,""
KP20701,""
AA23101,""
AA23102,""
AA23103,""
AA23104,""
AA23105,""
AA23106,""
AA23107,""
AA23108,""
AA23109,""
AA23111,""
AA23112,""
KA21001,""
AG20601,""
AG20602,""
AG20603,""
AG20604,""
AG20605,""
AA23301,""
AA23302,""
AA23401,""
AA23402,""
AA23403,""
AA23404,""
AA23406,""
AA23407,""
AF21101,""
AF21102,""
AF21103,""
AF21104,""
AA23202,""
AA23203,""
AA23113,""
AA23206,""
AA23207,""
AA23208,""
AA23209,""
AA23210,""
AA23211,""
AA23212,""
AA23213,""
AA23214,""
AA23218,""
AA23219,""
AA23220,""
AA00204,""
AA00191,""
AA00192,""
AA00193,""
AA00195,""
AA00196,""
AA00197,""
AA00198,""
AA00199,""
AA00201,""
AA00202,""
AA00203,""
AA00205,""
AG00503,""
AF00156,""
AF00157,""
AF00158,""
AF00159,""
AF00160,""
AF00161,""
AF00162,""
AF00163,""
AF00164,""
AF00165,""
AF00166,""
AF00168,""
AF00169,""
AA23600,""
AA23601,""
AA23602,""
AA20500,""
AA20501,""
AA20502,""
AA20503,""
AA20504,""
AE22100,""
AE22101,""
AE22102,""
AE20649,""
AE20650,""
AE22150,""
AE22151,""
AE22155,""
AE22156,""
AE22157,""
AE22158,""
AE22164,""
AE22165,""
AE22166,""
AE22167,""
AE22159,""
AE22160,""
AE22161,""
AE22162,""
AE22163,""
AE22103,""
AE22104,""
AE22105,""
AE22113,""
AE22110,""
AE22111,""
AE22114,""
AE22115,""
AE22112,""
AE22107,""
AE22108,""
AA20505,""
AA20506,""
AH20504,""
AE21600,""
AE21605,""
AD20401,""
AE21506,""
AD20402,""
AE21603,""
AD20403,""
AE21509,""
AE21510,""
AE21604,""
AD20405,""
AD20406,""
AE22168,""
AH20506,""
AH20507,""
ZZ12005,""
AD20408,""
AD20410,""
AD20411,""
AE21614,""
AD20407,""
AD20415,""
AD20501,""
AD20416,""
AD20419,""
AD20420,""
AA20507,""
AA20508,""
AE21917,""
AE21504,""
AE21505,""
AE21508,""
AE20652,""
AE20653,""
AE20654,""
AE20655,""
AE20656,""
AE20657,""
AE20658,""
AE20659,""
AE20660,""
AE20661,""
AE20662,""
AE20663,""
AE20664,""
AE20665,""
AE20666,""
AE20667,""
AE20668,""
AE20669,""
AE20670,""
AE20671,""
AE20672,""
AE20673,""
AE20674,""
AE20678,""
ZZ22043,""
AE21519,""
ZZ12009,""
AH20704,""
AH20705,""
AH20700,""
ZZ12007,""
AH20703,""
AH20702,""
AE21512,""
AE21513,""
AE21514,""
AE21515,""
AE21516,""
AE21517,""
AE21518,""
AE21520,""
AE21521,""
AE21522,""
AE21523,""
AE21524,""
AE21525,""
AE21602,""
AE21607,""
AE21608,""
AE21609,""
AE21610,""
AE21611,""
AE21612,""
AK20150,""
AK20151,""
AK20152,""
AK20100,""
AK20101,""
AK20113,""
AK20102,""
AK20103,""
AK20104,""
AK20105,""
AK20114,""
AK20106,""
AK20107,""
AK20108,""
AK20109,""
AK20112,""
AK20110,""
AD20412,""
AD20413,""
AD20414,""
AE21613,""
AD20409,""
AE21941,""
AE21526,""
AE21527,""
AE21528,""
AE21529,""
AE21617,""
AE20680,""
AE20681,""
AE22200,""
AE22201,""
AE22202,""
AE22203,""
AE22204,""
AE22205,""
AE22206,""
AE22207,""
AE22208,""
AE22209,""
AE22210,""
AE22211,""
AE22212,""
AE22213,""
AE22214,""
AE22215,""
AE22216,""
AE22217,""
AE22221,""
AD20421,""
AD20422,""
AD20423,""
AD20425,""
AD20426,""
AE21918,""
AE21919,""
AE21920,""
AE22169,""
AE22222,""
AE22223,""
AE22224,""
AE22225,""
AE21615,""
AE21616,""
AE21005,""
AD20211,""
AE20630,""
AE20631,""
AE20632,""
AE20634,""
AE20636,""
AE20637,""
AE20638,""
AE20639,""
AE20640,""
AE20641,""
AE20642,""
AE20643,""
AE20645,""
AE22052,""
AH20500,""
AH20701,""
KR20017,""
KR20018,""
KR20019,""
KR20020,""
KR20021,""
KR20022,""
KR20023,""
ZZ00013,""
ZZ02099,""
ZZ09900,""
ZZ12006,""
ZZ12008,""
ZZ12010,""
ZZ12011,""
KA00029,""
KA21301,""
KA21302,""
KA21303,""
KA21304,""
KA21305,""
KA21306,""
KA21307,""
KA21308,""
KA21309,""
KA21310,""
KA21311,""
KA21312,""
KA21313,""
KA21314,""
KA21315,""
KA21316,""
KA21317,""
KA21318,""
KA21319,""
KA21320,""
KA21321,""
ZZ50005,""
AC00000,""
AD20201,""
AD20202,""
AD20203,""
AD20204,""
AD20205,""
AD20206,""
AD20207,""
AD20208,""
AD20209,""
AD20210,""
AD20212,""
AD20213,""
AD20214,""
AD20215,""
AD20216,""
AD20217,""
AD20218,""
AD20340,""
AD20341,""
AD20342,""
AD20343,""
AD20344,""
AD20345,""
AD20346,""
AD20347,""
AE20646,""
AE20647,""
AE20648,""
GB00412,""
GB00413,""
GB00908,""
ZZ0115,""
ZZ50001,""
ZZ50002,""
ZZ50003,""
ZZ50004,""
ZZ50006,""
AA00212,""
AZ00099,""
KA00128,""
AZ00042,""
AZ00041,""
AZ00043,""
AZ00044,""
AZ00045,""
AZ00046,""
AZ00047,""
AZ00048,""
AZ00049,""
AZ00050,""
AZ00051,""
AZ00052,""
AZ00053,""
AZ00054,""
AZ00055,""
AZ00057,""
AZ00058,""
AZ00059,""
AZ00060,""
AZ00061,""
AZ00062,""
AZ00063,""
AZ00064,""
AZ00065,""
AZ00066,""
AZ00067,""
AZ00068,""
AZ00069,""
BZ00194,""
CA00146,""
CA00147,""
CA00148,""
CA00149,""
CA00150,""
BZ00195,""
BZ00196,""
BZ00197,""
AA00210,""
BA00100,""
AH00047,""
AH00048,""
KR00020,""
KR00021,""
KR00025,""
KR00026,""
KR00027,""
KR00028,""
KR00032,""
KQ00336,""
AA00206,""
AA00207,""
AA00208,""
AA00209,""
AE00172,""
AK00027,""
AZ00070,""
AZ00071,""
AZ00072,""
AZ00073,""
AZ00074,""
AE25020,""
AE25021,""
AE25022,""
AE25023,""
AE25024,""
AE25025,""
AF00171,""
AH20400,""
AB20426,""
AE21208,""
AA00211,""
AA23116,""
AA23117,""
AE21205,""
AE21206,""
AE21207,""
AK20115,""
AK20116,""
AK20117,""
AK20118,""
AK20119,""
AK20120,""
AK20121,""
AK20122,""
AK20123,""
AK20124,""
AK20125,""
AA00178,""
AA00179,""
AA00180,""
AA00181,""
AA00182,""
AA00183,""
AA00184,""
AA00185,""
AA00186,""
AA00187,""
AA00188,""
AB00053,""
AD00116,""
AC00238,""
AA00189,""
AE00171,""
AZ00080,""
AZ00081,""
AZ00082,""
AZ00083,""
AZ00084,""
AZ00085,""
AZ00086,""
KQ10319,""
KQ10320,""
KA20041,""
KA20042,""
KA20043,""
KA20044,""
AE05062,""
AZ00087,""
AE00174,""
AE00175,""
AD00117,""
AD00118,""
AD20503,""
AD20504,""
AD20505,""
AD20506,""
AE20682,""
AE20683,""
AE20684,""
AE20685,""
AE20686,""
AE20687,""
AE20688,""
AE20689,""
AE20690,""
AE20620,""
AE20621,""
AE21921,""
AE21922,""
AE21923,""
AE21924,""
AE20691,""
AD20443,""
AD20444,""
AD20445,""
AD20507,""
AD20433,""
AD20508,""
AE21533,""
ZZ22045,""
AD20427,""
AD20428,""
AD20429,""
AD20430,""
AD20432,""
AD20434,""
AE21531,""
AD20435,""
AE21532,""
AD20436,""
AD20437,""
AD20438,""
AD20439,""
AD20440,""
AD20441,""
AD20502,""
AE21950,""
KU10105,""
KQ10323,""
KQ10324,""
KQ10325,""
KQ10326,""
KQ10327,""
KQ10328,""
KQ10329,""
KQ10330,""
KQ10331,""
KQ10332,""
KQ10333,""
KQ10334,""
KQ10335,""
KQ10322,""
KU10106,""
KU10107,""
KQ10336,""
KA10098,""
KU10108,""
AZ00088,""
KQ10337,""
KQ10338,""
KQ10339,""
AE21911,""
AE20701,""
AH20511,""
AF00173,""
AE32613,""
KU20107,""
AD00507,""
AE00176,""
AE00178,""
AE00179,""
AE00180,""
AE00181,""
AE00182,""
AE00183,""
AE00184,""
AE00185,""
AE00186,""
AE00187,""
AE00188,""
AE00189,""
AE00190,""
AE00191,""
AE00192,""
AE00193,""
AD00119,""
AD00200,""
AD00201,""
AD00202,""
AD00203,""
AD00204,""
AD00205,""
AD00206,""
AD00207,""
AD00208,""
AD00209,""
AD00210,""
AD00211,""
AD00212,""
AD00213,""
AD00214,""
AD00215,""
AD00216,""
AD00217,""
AD00218,""
AD00219,""
AD00220,""
AD00221,""
AD00222,""
AD00223,""
AD00224,""
AD00225,""
AE00194,""
AE00195,""
AE00196,""
AE00197,""
AD00226,""
AA20509,""
KU20137,""
KU20138,""
KU20139,""
KU20140,""
KU20141,""
KU20142,""
KU20143,""
KU20144,""
KU20145,""
KQ20220,""
KQ20221,""
KQ20222,""
KQ20223,""
KQ20224,""
KQ20225,""
KQ20226,""
KQ20227,""
KQ20228,""
KQ20229,""
KQ20230,""
KQ20231,""
KQ20232,""
KQ20233,""
KQ20234,""
KQ20235,""
KQ20236,""
KQ20237,""
KQ20238,""
KQ20239,""
KQ20240,""
KQ20241,""
KQ20242,""
KQ20243,""
KQ20244,""
KU20146,""
AE21806,""
AF00174,""
AF00175,""
AF00176,""
BB00060,""
BB00061,""
BB00062,""
BB00063,""
BC00023,""
BC00024,""
AH00049,""
AH00050,""
AE00198,""
AH00051,""
AH00052,""
AH00053,""
AH00054,""
AH00055,""
AH00056,""
AH00057,""
AH00058,""
AH00059,""
AH00060,""
KF20051,""
KF20052,""
KU20147,""
KQ20247,""
KQ20248,""
KQ20249,""
AZ00076,""
KR00033,""
KQ20246,""
KU20148,""
KU20149,""
KQ20250,""
KQ20254,""
KQ20255,""
KQ20256,""
KQ20257,""
KQ20258,""
KQ20259,""
KU20150,""
KU20151,""
KU20152,""
KU20153,""
KU20154,""
KU20155,""
KU20156,""
KU20157,""
KU20158,""
KU20159,""
KR20024,""
KA00131,""
KA00132,""
KA00133,""
KA00134,""
KA20045,""
KA20046,""
KA20048,""
KA20049,""
KA20050,""
KQ20260,""
KQ20261,""
KQ20262,""
KQ20263,""
KQ20264,""
KQ20265,""
KQ20266,""
KQ20267,""
KQ20268,""
KQ20269,""
KQ20270,""
KQ20271,""
KQ20272,""
KQ20273,""
KQ20274,""
KQ20275,""
KQ20276,""
KQ20277,""
KQ20278,""
KQ20279,""
KQ20280,""
KQ20281,""
KQ20282,""
KQ20283,""
KQ20284,""
KQ20285,""
KQ20145,""
KQ20251,""
KQ20252,""
KQ20253,""
KU20160,""
KU20161,""
KU20162,""
KU20163,""
KU20164,""
AE22070,""
AF20011,""
BA00101,""
AD00227,""
AA02015,""
AA20062,""
AA23011,""
KQ10133,""
KU10109,""
KU10110,""
KU10111,""
KU10112,""
AF00177,""
AA00215,""
AE21619,""
AE21620,""
KQ00337,""
AN06010,""
AN06011,""
AN06012,""
KU00111,""
AA00216,""
AA01601,""
AA34001,""
AA34002,""
AA34003,""
AA34004,""
AA34005,""
AA34006,""
AA34007,""
AA34008,""
AA34009,""
AA34010,""
AA34011,""
AA34013,""
AA34014,""
AA34015,""
AA34016,""
AA34017,""
AA34018,""
AA34019,""
AA34020,""
AA34021,""
AA34022,""
AA34023,""
AA34024,""
AA34025,""
AA34026,""
AA34027,""
AA34028,""
AA34029,""
AA34030,""
AA34031,""
AA34032,""
AA34033,""
AA34035,""
AA34036,""
AA34037,""
AA34038,""
AA34039,""
AA34040,""
AA34041,""
AA34042,""
AA34043,""
AA34044,""
AA34045,""
AA34046,""
AA34047,""
AA34048,""
AA34049,""
AA34050,""
AA34051,""
AA34052,""
AA34053,""
AA34054,""
AA34055,""
AA34056,""
AA34057,""
AA34058,""
AA34059,""
AA34060,""
AA34061,""
AA34066,""
AA34073,""
AA34074,""
AA34075,""
AA34077,""
AA34078,""
AA34079,""
AA34080,""
AA34081,""
AA34082,""
AA34083,""
AA34084,""
AA34085,""
AA34086,""
AA34087,""
AA34088,""
AA34094,""
AA34095,""
AA34096,""
AA34097,""
AA34098,""
AB34001,""
AB34002,""
AB34003,""
AB34004,""
AB34005,""
AB34006,""
AB34007,""
AC34001,""
AC34002,""
AC34003,""
AC34004,""
AC34005,""
AC34006,""
AC34007,""
AC34008,""
AC34009,""
AC34010,""
AC34011,""
AC34012,""
AC34013,""
AC34014,""
AC34015,""
AC34016,""
AC34017,""
AC34018,""
AC34019,""
AC34020,""
AC34021,""
AC34022,""
AC34023,""
AC34024,""
AC34025,""
AC34026,""
AC34027,""
AC34028,""
AC34029,""
AC34030,""
AC34031,""
AC34032,""
AC34033,""
AC34034,""
AC34035,""
AC34036,""
AC34037,""
AC34038,""
AC34039,""
AC34040,""
AC34041,""
AC34042,""
AC34043,""
AC34044,""
AC34045,""
AC34046,""
AC34047,""
AC34048,""
AC34049,""
AC34050,""
AC34051,""
AC34052,""
AC34053,""
AC34054,""
AC34055,""
AC34056,""
AC34057,""
AC34058,""
AC34059,""
AC34060,""
AC34061,""
AC34062,""
AC34063,""
AC34064,""
AC34065,""
AC34066,""
AC34067,""
AC34068,""
AC34069,""
AC34070,""
AC34071,""
AC34072,""
AC34073,""
AC34074,""
AC34075,""
AC34076,""
AC34077,""
AC34078,""
AC34079,""
AC34080,""
AC34081,""
AC34082,""
AC34084,""
AD34001,""
AD34002,""
AD34003,""
AD34004,""
AD34005,""
AD34006,""
AD34007,""
AD34008,""
AD34009,""
AD34010,""
AD34011,""
AD34012,""
AD34013,""
AD34014,""
AD34015,""
AD34016,""
AD34017,""
AD34018,""
AD34019,""
AD34020,""
AD34021,""
AD34022,""
AD34023,""
AD34024,""
AE34001,""
AE34002,""
AE34003,""
AE34004,""
AE34005,""
AE34006,""
AE34007,""
AE34008,""
AE34009,""
AE34010,""
AE34011,""
AE34012,""
AE34013,""
AE34014,""
AE34015,""
AE34016,""
AE34017,""
AE34018,""
AE34019,""
AE34020,""
AE34021,""
AE34022,""
AE34023,""
AE34024,""
AE34025,""
AE34026,""
AE34027,""
AE34028,""
AE34029,""
AE34030,""
AE34031,""
AE34032,""
AE34033,""
AE34034,""
AE34035,""
AE34036,""
AE34037,""
AE34038,""
AE34039,""
AE34040,""
AE34041,""
AE34042,""
AE34043,""
AE34044,""
AE34045,""
AE34048,""
AE34049,""
AE34050,""
AF34001,""
AF34002,""
AF34003,""
AF34004,""
AF34005,""
AF34006,""
AF34007,""
AG34001,""
AG34002,""
AG34003,""
AG34004,""
AG34005,""
AG34006,""
AG34007,""
AG34008,""
AL34001,""
AL34002,""
AL34003,""
AL34004,""
AP34001,""
AP34002,""
AP34003,""
AP34004,""
AP34005,""
AP34006,""
AP34007,""
AP34008,""
AP34009,""
AP34011,""
AP34012,""
AP34013,""
AP34014,""
AP34015,""
AP34016,""
AP34017,""
AP34018,""
AP34019,""
AP34020,""
AP34021,""
AP34022,""
KA34001,""
KQ34001,""
KQ34002,""
KQ34003,""
KQ34004,""
KU34001,""
KU34002,""
KU34003,""
KU34004,""
AE32605,""
AD32218,""
AD32219,""
BC00025,""
GD00403,""
GD00404,""
BA00102,""
BA00103,""
BA00104,""
BA00105,""
BA00106,""
AF00178,""
AG00014,""
AE00201,""
AE00202,""
AE00177,""
AB00055,""
CA00151,""
CA00152,""
CA00153,""
CA00154,""
CA00155,""
CA00156,""
CA00157,""
CA00158,""
CA00159,""
CA00160,""
CA00161,""
CA00162,""
CA00163,""
CA00164,""
CA00165,""
CA00166,""
CA00167,""
CA00168,""
CA00169,""
CA00170,""
CA00171,""
CA00172,""
CA00173,""
CA00174,""
CA00175,""
CA00176,""
CA00177,""
CA00178,""
CA00179,""
CA00180,""
CA00181,""
CA00182,""
CA00183,""
CA00184,""
CA00185,""
CA00186,""
CA00187,""
CA00188,""
CA00189,""
CA00190,""
CA00191,""
CA00192,""
CA00193,""
CA00194,""
CA00195,""
CA00196,""
CA00197,""
CA00198,""
CA00199,""
CA00200,""
CA00201,""
CA00202,""
CA00203,""
CA00204,""
CA00205,""
CA00206,""
CA00207,""
CA00208,""
CA00209,""
CA00210,""
CA00211,""
CA00212,""
CA00213,""
CA00214,""
CA00215,""
CA00216,""
AA00217,""
AA00218,""
AA00219,""
AA00220,""
AD00228,""
AD00229,""
AD00231,""
AD00232,""
AD00234,""
KR00034,""
KR00035,""
KQ00338,""
KQ00339,""
KQ00340,""
KQ00341,""
KQ00342,""
KQ00343,""
KQ00344,""
KQ00345,""
KQ00346,""
KQ00347,""
KQ00348,""
KQ00349,""
KQ00350,""
KQ00351,""
KQ00352,""
AE05063,""
AE05064,""
AE05065,""
AE05067,""
AE05068,""
AC00254,""
AD34025,""
AD34026,""
AD34027,""
AD34028,""
AD34029,""
AD34030,""
AD34031,""
AD34032,""
AD34033,""
AD34034,""
AD34035,""
AD34036,""
AD34037,""
AD34038,""
AD34039,""
AD34040,""
AD34041,""
AD34042,""
AD34043,""
AE05069,""
AE05070,""
AE05071,""
AE05072,""
AE05073,""
AE05074,""
AE05075,""
AE05076,""
AF00179,""
AF00180,""
AF00181,""
AF00182,""
AF00183,""
AF00184,""
AF00185,""
AF00186,""
AF00187,""
AF00188,""
AF00189,""
AF00190,""
AF00191,""
KU34005,""
KU34006,""
KU34007,""
KU00115,""
KU00116,""
KU00117,""
KU00113,""
KU00118,""
KU00119,""
KU00120,""
KU00121,""
KU34010,""
KU34011,""
KU00114,""
CF00030,""
BC00026,""
AE05077,""
AK00028,""
GD00820,""
GD00821,""
GD00822,""
GD00823,""
GD00824,""
BB00064,""
BD00084,""
AA01609,""
AA01610,""
AA01611,""
AA01612,""
AC00239,""
AC00240,""
AC00241,""
AC00242,""
AC00243,""
AC00244,""
AC00245,""
AC00246,""
AC00247,""
AC00248,""
AC00249,""
AC00250,""
AC00251,""
AC00252,""
AC00253,""
AE01009,""
AE01010,""
AE01011,""
AE01012,""
AE01013,""
AE01014,""
AE01015,""
KQ00353,""
KQ00354,""
KQ00355,""
KV09028,""
KM00001,""
KM00002,""
KM00003,""
KM00004,""
KM00005,""
KM00006,""
KM00007,""
KM00008,""
KM00009,""
KM00010,""
KM00011,""
KM00012,""
KM00013,""
KM00014,""
KM00015,""
KM00016,""
KM00017,""
KM00018,""
KM00019,""
KM00020,""
KM00021,""
KM00022,""
KM00023,""
KM00024,""
KM00025,""
KM00026,""
KM00027,""
KM00028,""
KM00029,""
KM00030,""
KM00031,""
KM00032,""
KM00033,""
KM00034,""
KM00035,""
KM00036,""
KM00037,""
KM00038,""
KM00039,""
KM00040,""
KM00041,""
KM00042,""
KM00043,""
KM00044,""
KM00045,""
KM00046,""
KM00047,""
KM00048,""
KM00049,""
KM00050,""
KM00051,""
KM00052,""
KM00053,""
KM00054,""
KM00055,""
KM00056,""
KM00057,""
KM00058,""
KM00059,""
KM00060,""
KM00061,""
KM00062,""
KM00063,""
VZ60101,""
VZ70102,""
VZ80103,""
VZ90104,""
VZ280123,""
VZ60201,""
VZ60202,""
VA60301,""
VA60302,""
VA60303,""
VA60304,""
VA60305,""
VA60306,""
VA60307,""
VA60308,""
VA60309,""
VA60310,""
VA60311,""
VA60312,""
VA60313,""
VA60314,""
VA60401,""
VA60402,""
VA60403,""
VA60404,""
VA60405,""
VA60406,""
VA60407,""
VA60408,""
VA60409,""
VA60410,""
VA60411,""
VA60412,""
VA60413,""
VA60414,""
VA60415,""
VA60416,""
VA60417,""
VA60418,""
VA60501,""
VA60502,""
VA60503,""
VA60504,""
VA60505,""
VA60506,""
VA60507,""
VA60508,""
VA60509,""
VA60510,""
VA60511,""
VA60512,""
VA60601,""
VA60602,""
VA60603,""
VA60606,""
VA60608,""
VA60609,""
VA60610,""
VA60612,""
VA60701,""
VA60702,""
VA60703,""
VA60704,""
VA60705,""
VA60706,""
VA60707,""
VA60708,""
VA60709,""
VA60710,""
VA60711,""
VA60712,""
VA60713,""
VA60801,""
VA60802,""
VA60803,""
VA60804,""
VA60805,""
VA60806,""
VA60807,""
VA60808,""
VA60809,""
VA60810,""
VA60811,""
VA60812,""
VK34001,""
VK34002,""
VK34003,""
VK34004,""
VA60513,""
VA60514,""
VA60515,""
VA80701,""
VA80702,""
VA80703,""
VA80704,""
VA80705,""
VA80706,""
VA80707,""
VA80708,""
VA80709,""
VA80710,""
VA80711,""
VA80712,""
VA60001,""
VA60002,""
VA60003,""
VA60004,""
VA60005,""
VA60006,""
VA60007,""
VA60008,""
VZ60301,""
VZ60302,""
VZ60303,""
VZ60304,""
VZ60305,""
VZ60306,""
VZ60307,""
VZ60309,""
VZ60308,""
VZ60310,""
VZ60313,""
VZ60102,""
VZ60103,""
VZ60104,""
VZ60105,""
VZ60106,""
VZ60107,""
VZ60108,""
VZ60109,""
VZ60110,""
VZ60111,""
VZ60112,""
VZ60113,""
VZ60114,""
VZ60115,""
VZ60116,""
VZ60118,""
VZ60119,""
VZ60120,""
VZ60121,""
VZ60122,""
VZ60123,""
VZ60124,""
VZ60125,""
VZ60126,""
VZ60127,""
VX60041,""
VX60042,""
VX60043,""
VX00044,""
VX60045,""
VX60046,""
VA60419,""
VX60047,""
VX60048,""
VX60049,""
VX60050,""
VX60051,""
VX60052,""
VX60053,""
VX60054,""
VX60055,""
VX60056,""
VX60057,""
VX60058,""
VX60059,""
VX60060,""
VX60061,""
VA61401,""
VA61402,""
VA61403,""
VZ60312,""
VZ60314,""
VA61404,""
VA61405,""
VA61406,""
VA61407,""
VA61408,""
VA60604,""
VA60605,""
VA60607,""
VA60611,""
VA60613,""
VA60101,""
VA60102,""
VA60103,""
VA60104,""
VA60105,""
VA60106,""
VA60107,""
VA60108,""
VA60109,""
VA60110,""
VA60111,""
VA60112,""
VA60113,""
VA60114,""
VA60115,""
VA60116,""
VA60117,""
VA60201,""
VA60202,""
VA60203,""
VA60205,""
VA60206,""
VA60207,""
VA60208,""
VA60209,""
VA60210,""
VA60211,""
VA60212,""
VA60213,""
VA60214,""
VA60215,""
VA60217,""
VA60218,""
VA60219,""
VA60220,""
VA60221,""
VA60222,""
VA60223,""
VA60224,""
VA60225,""
VA60226,""
VA60227,""
VA60228,""
VA60229,""
VA60230,""
VA60231,""
VA60232,""
VA60233,""
VA60234,""
VA60614,""
VA61601,""
VA61602,""
VA61603,""
VA61604,""
VA61605,""
VA61606,""
VA61607,""
VA61608,""
VA61609,""
VA61610,""
VA61701,""
VA61702,""
VA61703,""
VA61704,""
VA61705,""
VA61706,""
VA61707,""
VA61708,""
VA61709,""
VK60601,""
VK60602,""
VK60603,""
VK60604,""
VK60501,""
VK60502,""
VK60503,""
VK60504,""
VK60201,""
VK60202,""
VK60203,""
VK60204,""
VA61001,""
VA61002,""
VA61003,""
VA61004,""
VA61005,""
VA61006,""
VA61007,""
VA61008,""
VA61009,""
VA61010,""
VA61011,""
VA61012,""
VA61013,""
VA61301,""
VA61302,""
VA61303,""
VA61304,""
VA61305,""
VA61306,""
VA61307,""
VA61309,""
VA61310,""
VA61311,""
VA61312,""
VA61314,""
VA61315,""
VA61316,""
VA60718,""
VA60719,""
VA60720,""
VA60721,""
VA60722,""
VA60723,""
VA60724,""
VA60725,""
VA60726,""
VA60727,""
VA60728,""
VA60729,""
VA60730,""
VA60731,""
VA60732,""
VA60733,""
VA60734,""
VA60735,""
VA60736,""
VA60315,""
VA61801,""
VA61802,""
VA61803,""
VA60615,""
VZ00001,""
VZ00002,""
VZ00003,""
VZ00004,""
VA60714,""
VA60715,""
VA60716,""
VA60717,""
VA61409,""
VA69001,""
VA69002,""
VA69003,""
VA69004,""
VA69005,""
VA69006,""
VA69007,""
VD69001,""
VD69002,""
VD69003,""
VD69004,""
VD69005,""
VD69006,""
VD69007,""
VD69008,""
VD69009,""
AD61001,""
AD61002,""
AD61003,""
AD61004,""
AD61005,""
AD61006,""
AD61007,""
AD61008,""
AD61009,""
AD61010,""
AD61011,""
AD61012,""
AD61013,""
AD61014,""
AD61015,""
AD61016,""
AD61017,""
AD61018,""
AD61019,""
AD61020,""
AD61021,""
VB69001,""
VB69002,""
VB69003,""
VD69010,""
VD69011,""
VD69012,""
VD69013,""
VD69014,""
VD69015,""
VD69016,""
VD69017,""
VD69018,""
VD69019,""
VD69020,""
VD69021,""
VD69022,""
VD69023,""
VD69024,""
VD69025,""
VD69026,""
VD69027,""
VD69028,""
VD69029,""
VD69030,""
VD69031,""
VD69032,""
VD69033,""
VD69034,""
VD69035,""
VD69036,""
VA69008,""
VA69009,""
AA90011,""
AE00203,""
BA00107,""
AE05078,""
AB00056,""
AC00255,""
AC00256,""
AC00257,""
AB00057,""
BZ00198,""
AA34101,""
AC34085,""
AC34086,""
AC34087,""
AC34088,""
AC34089,""
AC34090,""
AC34091,""
AC34092,""
AC34093,""
AC34094,""
AC34095,""
AC34096,""
AC34097,""
AC34098,""
AF00192,""
KU10113,""
KU10114,""
ZZ20065,""
AA00221,""
AA01526,""
AA01527,""
AD00239,""
AZ00077,""
AH00061,""
AA01528,""
AA01529,""
KA10099,""
AA34104,""
AA34110,""
AA34111,""
AA34112,""
AA34113,""
AA34114,""
AA34115,""
AA34116,""
AA34117,""
AA34118,""
AA34119,""
AA34120,""
AA34121,""
AA34122,""
AA34123,""
AA01530,""
AA01531,""
AA01532,""
AA34126,""
AA34127,""
AA34129,""
AA34130,""
AA34131,""
AA34132,""
AA34133,""
AA34134,""
AD60004,""
AD60005,""
AD60006,""
AD60007,""
AD60008,""
AD60009,""
AD60010,""
AD60011,""
AD60012,""
AD60013,""
AD60014,""
AD60038,""
AD60039,""
AD60040,""
AD60041,""
AD60042,""
AD60043,""
AD60044,""
AD60045,""
AD60046,""
AD60047,""
AD60048,""
AD60049,""
AD60050,""
AD60051,""
AD60052,""
AD60053,""
AE60001,""
AE60002,""
AE60003,""
AE60004,""
AE60005,""
AE60006,""
AE60007,""
AE60008,""
AE60009,""
AE60010,""
AE60011,""
AE60012,""
AE60013,""
AF80001,""
AF80002,""
AF80003,""
AF80004,""
AF80005,""
AF80006,""
AF80007,""
AF80008,""
AF00192 ,""
AD60054,""
AD60055,""
AD00235,""
AD00236,""
AD00237,""
AD00238,""
AS00128,""
AS00129,""
AS00130,""
AS00131,""
AS00132,""
AS00133,""
AD34044,""
KU10116,""
KU10117,""
AD00240,""
AD00241,""
AD00242,""
AD00243,""
AD00244,""
AD00245,""
AD00246,""
AD00247,""
AD00248,""
VA69010,""
VA69011,""
VG69001,""
VG69002,""
VG69003,""
VG69004,""
VG69005,""
VG69006,""
VG69007,""
VG69008,""
VG69009,""
VG69012,""
VG69013,""
VG69014,""
VG69018,""
VG69021,""
VG69025,""
VG69027,""
VG69028,""
VG69029,""
VG69030,""
VG69031,""
VG69032,""
VG69033,""
VG69034,""
VG69035,""
VG69036,""
VG69037,""
VG69038,""
AD00249,""
KR22007,""
KR22008,""
KR22009,""
KR22010,""
KR22011,""
KR22012,""
KR22013,""
KQ22002,""
KQ22003,""
KQ22004,""
KQ22005,""
KQ22006,""
KQ22007,""
KQ22008,""
KQ22009,""
KQ22010,""
KQ22011,""
KQ22013,""
KQ22014,""
KQ22015,""
KQ22016,""
KQ22017,""
KQ22018,""
KQ22019,""
KQ22020,""
KQ22021,""
KQ22022,""
KQ22023,""
KQ22024,""
KQ22025,""
KQ22026,""
KQ22027,""
KQ22028,""
KU22004,""
AE25026,""
AE25027,""
AE25028,""
KA21322,""
AA34102,""
AA34103,""
AA23603,""
AA23604,""
AA23605,""
AA23606,""
AA23607,""
AA23608,""
KV22077,""
KV22078,""
KV22079,""
KV22080,""
KV22081,""
KV22082,""
KV22083,""
KV22084,""
KV22085,""
KV22086,""
KV22087,""
KV22088,""
CF00031,""
CF00032,""
AD00122,""
VA69012,""
VA69013,""
VA69014,""
VA69015,""
VA69016,""
VA69017,""
VA69018,""
VA69019,""
VA69020,""
VA69021,""
VA69022,""
VA69023,""
VA69024,""
VA69025,""
VA69026,""
VA69027,""
KU22005,""
VA60616,""
VA60617,""
VK61005,""
